myid,runno,depot,page_1,page,day,moblink,pclink,triplink
FrankfordWeekday1,1,Frankford,1 of 2,1,Weekday,https://www4.septa.org/picking/pdf/spring-a-2026/frankford/bus/paddles/weekday-paddles#page1.pdf,https://www4.septa.org/picking/pdf/spring-a-2026/frankford/bus/paddles/weekday-paddles#page=1.pdf,https://www4.septa.org/picking/pdf/spring-a-2026/frankford/bus/trip-sheets/weekday-trip-sheets.pdf
FrankfordWeekday2,2,Frankford,1 of 2,3,Weekday,https://www4.septa.org/picking/pdf/spring-a-2026/frankford/bus/paddles/weekday-paddles#page3.pdf,https://www4.septa.org/picking/pdf/spring-a-2026/frankford/bus/paddles/weekday-paddles#page=3.pdf,https://www4.septa.org/picking/pdf/spring-a-2026/frankford/bus/trip-sheets/weekday-trip-sheets.pdf
FrankfordWeekday3,3,Frankford,1 of 2,5,Weekday,https://www4.septa.org/picking/pdf/spring-a-2026/frankford/bus/paddles/weekday-paddles#page5.pdf,https://www4.septa.org/picking/pdf/spring-a-2026/frankford/bus/paddles/weekday-paddles#page=5.pdf,https://www4.septa.org/picking/pdf/spring-a-2026/frankford/bus/trip-sheets/weekday-trip-sheets.pdf
FrankfordWeekday4,4,Frankford,1 of 2,7,Weekday,https://www4.septa.org/picking/pdf/spring-a-2026/frankford/bus/paddles/weekday-paddles#page7.pdf,https://www4.septa.org/picking/pdf/spring-a-2026/frankford/bus/paddles/weekday-paddles#page=7.pdf,https://www4.septa.org/picking/pdf/spring-a-2026/frankford/bus/trip-sheets/weekday-trip-sheets.pdf
FrankfordWeekday5,5,Frankford,1 of 2,9,Weekday,https://www4.septa.org/picking/pdf/spring-a-2026/frankford/bus/paddles/weekday-paddles#page9.pdf,https://www4.septa.org/picking/pdf/spring-a-2026/frankford/bus/paddles/weekday-paddles#page=9.pdf,https://www4.septa.org/picking/pdf/spring-a-2026/frankford/bus/trip-sheets/weekday-trip-sheets.pdf
FrankfordWeekday6,6,Frankford,1 of 2,11,Weekday,https://www4.septa.org/picking/pdf/spring-a-2026/frankford/bus/paddles/weekday-paddles#page11.pdf,https://www4.septa.org/picking/pdf/spring-a-2026/frankford/bus/paddles/weekday-paddles#page=11.pdf,https://www4.septa.org/picking/pdf/spring-a-2026/frankford/bus/trip-sheets/weekday-trip-sheets.pdf
FrankfordWeekday7,7,Frankford,1 of 4,13,Weekday,https://www4.septa.org/picking/pdf/spring-a-2026/frankford/bus/paddles/weekday-paddles#page13.pdf,https://www4.septa.org/picking/pdf/spring-a-2026/frankford/bus/paddles/weekday-paddles#page=13.pdf,https://www4.septa.org/picking/pdf/spring-a-2026/frankford/bus/trip-sheets/weekday-trip-sheets.pdf
FrankfordWeekday101,101,Frankford,1 of 2,17,Weekday,https://www4.septa.org/picking/pdf/spring-a-2026/frankford/bus/paddles/weekday-paddles#page17.pdf,https://www4.septa.org/picking/pdf/spring-a-2026/frankford/bus/paddles/weekday-paddles#page=17.pdf,https://www4.septa.org/picking/pdf/spring-a-2026/frankford/bus/trip-sheets/weekday-trip-sheets.pdf
FrankfordWeekday102,102,Frankford,1 of 2,19,Weekday,https://www4.septa.org/picking/pdf/spring-a-2026/frankford/bus/paddles/weekday-paddles#page19.pdf,https://www4.septa.org/picking/pdf/spring-a-2026/frankford/bus/paddles/weekday-paddles#page=19.pdf,https://www4.septa.org/picking/pdf/spring-a-2026/frankford/bus/trip-sheets/weekday-trip-sheets.pdf
FrankfordWeekday103,103,Frankford,1 of 2,21,Weekday,https://www4.septa.org/picking/pdf/spring-a-2026/frankford/bus/paddles/weekday-paddles#page21.pdf,https://www4.septa.org/picking/pdf/spring-a-2026/frankford/bus/paddles/weekday-paddles#page=21.pdf,https://www4.septa.org/picking/pdf/spring-a-2026/frankford/bus/trip-sheets/weekday-trip-sheets.pdf
FrankfordWeekday104,104,Frankford,1 of 3,23,Weekday,https://www4.septa.org/picking/pdf/spring-a-2026/frankford/bus/paddles/weekday-paddles#page23.pdf,https://www4.septa.org/picking/pdf/spring-a-2026/frankford/bus/paddles/weekday-paddles#page=23.pdf,https://www4.septa.org/picking/pdf/spring-a-2026/frankford/bus/trip-sheets/weekday-trip-sheets.pdf
FrankfordWeekday105,105,Frankford,1 of 2,26,Weekday,https://www4.septa.org/picking/pdf/spring-a-2026/frankford/bus/paddles/weekday-paddles#page26.pdf,https://www4.septa.org/picking/pdf/spring-a-2026/frankford/bus/paddles/weekday-paddles#page=26.pdf,https://www4.septa.org/picking/pdf/spring-a-2026/frankford/bus/trip-sheets/weekday-trip-sheets.pdf
FrankfordWeekday106,106,Frankford,1 of 2,28,Weekday,https://www4.septa.org/picking/pdf/spring-a-2026/frankford/bus/paddles/weekday-paddles#page28.pdf,https://www4.septa.org/picking/pdf/spring-a-2026/frankford/bus/paddles/weekday-paddles#page=28.pdf,https://www4.septa.org/picking/pdf/spring-a-2026/frankford/bus/trip-sheets/weekday-trip-sheets.pdf
FrankfordWeekday151,151,Frankford,1 of 2,30,Weekday,https://www4.septa.org/picking/pdf/spring-a-2026/frankford/bus/paddles/weekday-paddles#page30.pdf,https://www4.septa.org/picking/pdf/spring-a-2026/frankford/bus/paddles/weekday-paddles#page=30.pdf,https://www4.septa.org/picking/pdf/spring-a-2026/frankford/bus/trip-sheets/weekday-trip-sheets.pdf
FrankfordWeekday152,152,Frankford,1 of 2,32,Weekday,https://www4.septa.org/picking/pdf/spring-a-2026/frankford/bus/paddles/weekday-paddles#page32.pdf,https://www4.septa.org/picking/pdf/spring-a-2026/frankford/bus/paddles/weekday-paddles#page=32.pdf,https://www4.septa.org/picking/pdf/spring-a-2026/frankford/bus/trip-sheets/weekday-trip-sheets.pdf
FrankfordWeekday153,153,Frankford,1 of 2,34,Weekday,https://www4.septa.org/picking/pdf/spring-a-2026/frankford/bus/paddles/weekday-paddles#page34.pdf,https://www4.septa.org/picking/pdf/spring-a-2026/frankford/bus/paddles/weekday-paddles#page=34.pdf,https://www4.septa.org/picking/pdf/spring-a-2026/frankford/bus/trip-sheets/weekday-trip-sheets.pdf
FrankfordWeekday154,154,Frankford,1 of 2,36,Weekday,https://www4.septa.org/picking/pdf/spring-a-2026/frankford/bus/paddles/weekday-paddles#page36.pdf,https://www4.septa.org/picking/pdf/spring-a-2026/frankford/bus/paddles/weekday-paddles#page=36.pdf,https://www4.septa.org/picking/pdf/spring-a-2026/frankford/bus/trip-sheets/weekday-trip-sheets.pdf
FrankfordWeekday155,155,Frankford,1 of 2,38,Weekday,https://www4.septa.org/picking/pdf/spring-a-2026/frankford/bus/paddles/weekday-paddles#page38.pdf,https://www4.septa.org/picking/pdf/spring-a-2026/frankford/bus/paddles/weekday-paddles#page=38.pdf,https://www4.septa.org/picking/pdf/spring-a-2026/frankford/bus/trip-sheets/weekday-trip-sheets.pdf
FrankfordWeekday156,156,Frankford,1 of 2,40,Weekday,https://www4.septa.org/picking/pdf/spring-a-2026/frankford/bus/paddles/weekday-paddles#page40.pdf,https://www4.septa.org/picking/pdf/spring-a-2026/frankford/bus/paddles/weekday-paddles#page=40.pdf,https://www4.septa.org/picking/pdf/spring-a-2026/frankford/bus/trip-sheets/weekday-trip-sheets.pdf
FrankfordWeekday157,157,Frankford,1 of 3,42,Weekday,https://www4.septa.org/picking/pdf/spring-a-2026/frankford/bus/paddles/weekday-paddles#page42.pdf,https://www4.septa.org/picking/pdf/spring-a-2026/frankford/bus/paddles/weekday-paddles#page=42.pdf,https://www4.septa.org/picking/pdf/spring-a-2026/frankford/bus/trip-sheets/weekday-trip-sheets.pdf
FrankfordWeekday158,158,Frankford,1 of 2,45,Weekday,https://www4.septa.org/picking/pdf/spring-a-2026/frankford/bus/paddles/weekday-paddles#page45.pdf,https://www4.septa.org/picking/pdf/spring-a-2026/frankford/bus/paddles/weekday-paddles#page=45.pdf,https://www4.septa.org/picking/pdf/spring-a-2026/frankford/bus/trip-sheets/weekday-trip-sheets.pdf
FrankfordWeekday159,159,Frankford,1 of 2,47,Weekday,https://www4.septa.org/picking/pdf/spring-a-2026/frankford/bus/paddles/weekday-paddles#page47.pdf,https://www4.septa.org/picking/pdf/spring-a-2026/frankford/bus/paddles/weekday-paddles#page=47.pdf,https://www4.septa.org/picking/pdf/spring-a-2026/frankford/bus/trip-sheets/weekday-trip-sheets.pdf
FrankfordWeekday160,160,Frankford,1 of 3,49,Weekday,https://www4.septa.org/picking/pdf/spring-a-2026/frankford/bus/paddles/weekday-paddles#page49.pdf,https://www4.septa.org/picking/pdf/spring-a-2026/frankford/bus/paddles/weekday-paddles#page=49.pdf,https://www4.septa.org/picking/pdf/spring-a-2026/frankford/bus/trip-sheets/weekday-trip-sheets.pdf
FrankfordWeekday161,161,Frankford,1 of 2,52,Weekday,https://www4.septa.org/picking/pdf/spring-a-2026/frankford/bus/paddles/weekday-paddles#page52.pdf,https://www4.septa.org/picking/pdf/spring-a-2026/frankford/bus/paddles/weekday-paddles#page=52.pdf,https://www4.septa.org/picking/pdf/spring-a-2026/frankford/bus/trip-sheets/weekday-trip-sheets.pdf
FrankfordWeekday162,162,Frankford,1 of 2,54,Weekday,https://www4.septa.org/picking/pdf/spring-a-2026/frankford/bus/paddles/weekday-paddles#page54.pdf,https://www4.septa.org/picking/pdf/spring-a-2026/frankford/bus/paddles/weekday-paddles#page=54.pdf,https://www4.septa.org/picking/pdf/spring-a-2026/frankford/bus/trip-sheets/weekday-trip-sheets.pdf
FrankfordWeekday163,163,Frankford,1 of 2,56,Weekday,https://www4.septa.org/picking/pdf/spring-a-2026/frankford/bus/paddles/weekday-paddles#page56.pdf,https://www4.septa.org/picking/pdf/spring-a-2026/frankford/bus/paddles/weekday-paddles#page=56.pdf,https://www4.septa.org/picking/pdf/spring-a-2026/frankford/bus/trip-sheets/weekday-trip-sheets.pdf
FrankfordWeekday164,164,Frankford,1 of 2,58,Weekday,https://www4.septa.org/picking/pdf/spring-a-2026/frankford/bus/paddles/weekday-paddles#page58.pdf,https://www4.septa.org/picking/pdf/spring-a-2026/frankford/bus/paddles/weekday-paddles#page=58.pdf,https://www4.septa.org/picking/pdf/spring-a-2026/frankford/bus/trip-sheets/weekday-trip-sheets.pdf
FrankfordWeekday165,165,Frankford,1 of 2,60,Weekday,https://www4.septa.org/picking/pdf/spring-a-2026/frankford/bus/paddles/weekday-paddles#page60.pdf,https://www4.septa.org/picking/pdf/spring-a-2026/frankford/bus/paddles/weekday-paddles#page=60.pdf,https://www4.septa.org/picking/pdf/spring-a-2026/frankford/bus/trip-sheets/weekday-trip-sheets.pdf
FrankfordWeekday166,166,Frankford,1 of 2,62,Weekday,https://www4.septa.org/picking/pdf/spring-a-2026/frankford/bus/paddles/weekday-paddles#page62.pdf,https://www4.septa.org/picking/pdf/spring-a-2026/frankford/bus/paddles/weekday-paddles#page=62.pdf,https://www4.septa.org/picking/pdf/spring-a-2026/frankford/bus/trip-sheets/weekday-trip-sheets.pdf
FrankfordWeekday167,167,Frankford,1 of 1,64,Weekday,https://www4.septa.org/picking/pdf/spring-a-2026/frankford/bus/paddles/weekday-paddles#page64.pdf,https://www4.septa.org/picking/pdf/spring-a-2026/frankford/bus/paddles/weekday-paddles#page=64.pdf,https://www4.septa.org/picking/pdf/spring-a-2026/frankford/bus/trip-sheets/weekday-trip-sheets.pdf
FrankfordWeekday251,251,Frankford,1 of 2,65,Weekday,https://www4.septa.org/picking/pdf/spring-a-2026/frankford/bus/paddles/weekday-paddles#page65.pdf,https://www4.septa.org/picking/pdf/spring-a-2026/frankford/bus/paddles/weekday-paddles#page=65.pdf,https://www4.septa.org/picking/pdf/spring-a-2026/frankford/bus/trip-sheets/weekday-trip-sheets.pdf
FrankfordWeekday252,252,Frankford,1 of 2,67,Weekday,https://www4.septa.org/picking/pdf/spring-a-2026/frankford/bus/paddles/weekday-paddles#page67.pdf,https://www4.septa.org/picking/pdf/spring-a-2026/frankford/bus/paddles/weekday-paddles#page=67.pdf,https://www4.septa.org/picking/pdf/spring-a-2026/frankford/bus/trip-sheets/weekday-trip-sheets.pdf
FrankfordWeekday253,253,Frankford,1 of 6,69,Weekday,https://www4.septa.org/picking/pdf/spring-a-2026/frankford/bus/paddles/weekday-paddles#page69.pdf,https://www4.septa.org/picking/pdf/spring-a-2026/frankford/bus/paddles/weekday-paddles#page=69.pdf,https://www4.septa.org/picking/pdf/spring-a-2026/frankford/bus/trip-sheets/weekday-trip-sheets.pdf
FrankfordWeekday254,254,Frankford,1 of 2,75,Weekday,https://www4.septa.org/picking/pdf/spring-a-2026/frankford/bus/paddles/weekday-paddles#page75.pdf,https://www4.septa.org/picking/pdf/spring-a-2026/frankford/bus/paddles/weekday-paddles#page=75.pdf,https://www4.septa.org/picking/pdf/spring-a-2026/frankford/bus/trip-sheets/weekday-trip-sheets.pdf
FrankfordWeekday255,255,Frankford,1 of 2,77,Weekday,https://www4.septa.org/picking/pdf/spring-a-2026/frankford/bus/paddles/weekday-paddles#page77.pdf,https://www4.septa.org/picking/pdf/spring-a-2026/frankford/bus/paddles/weekday-paddles#page=77.pdf,https://www4.septa.org/picking/pdf/spring-a-2026/frankford/bus/trip-sheets/weekday-trip-sheets.pdf
FrankfordWeekday256,256,Frankford,1 of 2,79,Weekday,https://www4.septa.org/picking/pdf/spring-a-2026/frankford/bus/paddles/weekday-paddles#page79.pdf,https://www4.septa.org/picking/pdf/spring-a-2026/frankford/bus/paddles/weekday-paddles#page=79.pdf,https://www4.septa.org/picking/pdf/spring-a-2026/frankford/bus/trip-sheets/weekday-trip-sheets.pdf
FrankfordWeekday257,257,Frankford,1 of 2,81,Weekday,https://www4.septa.org/picking/pdf/spring-a-2026/frankford/bus/paddles/weekday-paddles#page81.pdf,https://www4.septa.org/picking/pdf/spring-a-2026/frankford/bus/paddles/weekday-paddles#page=81.pdf,https://www4.septa.org/picking/pdf/spring-a-2026/frankford/bus/trip-sheets/weekday-trip-sheets.pdf
FrankfordWeekday258,258,Frankford,1 of 3,83,Weekday,https://www4.septa.org/picking/pdf/spring-a-2026/frankford/bus/paddles/weekday-paddles#page83.pdf,https://www4.septa.org/picking/pdf/spring-a-2026/frankford/bus/paddles/weekday-paddles#page=83.pdf,https://www4.septa.org/picking/pdf/spring-a-2026/frankford/bus/trip-sheets/weekday-trip-sheets.pdf
FrankfordWeekday259,259,Frankford,1 of 3,86,Weekday,https://www4.septa.org/picking/pdf/spring-a-2026/frankford/bus/paddles/weekday-paddles#page86.pdf,https://www4.septa.org/picking/pdf/spring-a-2026/frankford/bus/paddles/weekday-paddles#page=86.pdf,https://www4.septa.org/picking/pdf/spring-a-2026/frankford/bus/trip-sheets/weekday-trip-sheets.pdf
FrankfordWeekday260,260,Frankford,1 of 2,89,Weekday,https://www4.septa.org/picking/pdf/spring-a-2026/frankford/bus/paddles/weekday-paddles#page89.pdf,https://www4.septa.org/picking/pdf/spring-a-2026/frankford/bus/paddles/weekday-paddles#page=89.pdf,https://www4.septa.org/picking/pdf/spring-a-2026/frankford/bus/trip-sheets/weekday-trip-sheets.pdf
FrankfordWeekday261,261,Frankford,1 of 3,91,Weekday,https://www4.septa.org/picking/pdf/spring-a-2026/frankford/bus/paddles/weekday-paddles#page91.pdf,https://www4.septa.org/picking/pdf/spring-a-2026/frankford/bus/paddles/weekday-paddles#page=91.pdf,https://www4.septa.org/picking/pdf/spring-a-2026/frankford/bus/trip-sheets/weekday-trip-sheets.pdf
FrankfordWeekday262,262,Frankford,1 of 3,94,Weekday,https://www4.septa.org/picking/pdf/spring-a-2026/frankford/bus/paddles/weekday-paddles#page94.pdf,https://www4.septa.org/picking/pdf/spring-a-2026/frankford/bus/paddles/weekday-paddles#page=94.pdf,https://www4.septa.org/picking/pdf/spring-a-2026/frankford/bus/trip-sheets/weekday-trip-sheets.pdf
FrankfordWeekday263,263,Frankford,1 of 2,97,Weekday,https://www4.septa.org/picking/pdf/spring-a-2026/frankford/bus/paddles/weekday-paddles#page97.pdf,https://www4.septa.org/picking/pdf/spring-a-2026/frankford/bus/paddles/weekday-paddles#page=97.pdf,https://www4.septa.org/picking/pdf/spring-a-2026/frankford/bus/trip-sheets/weekday-trip-sheets.pdf
FrankfordWeekday264,264,Frankford,1 of 2,99,Weekday,https://www4.septa.org/picking/pdf/spring-a-2026/frankford/bus/paddles/weekday-paddles#page99.pdf,https://www4.septa.org/picking/pdf/spring-a-2026/frankford/bus/paddles/weekday-paddles#page=99.pdf,https://www4.septa.org/picking/pdf/spring-a-2026/frankford/bus/trip-sheets/weekday-trip-sheets.pdf
FrankfordWeekday301,301,Frankford,1 of 2,101,Weekday,https://www4.septa.org/picking/pdf/spring-a-2026/frankford/bus/paddles/weekday-paddles#page101.pdf,https://www4.septa.org/picking/pdf/spring-a-2026/frankford/bus/paddles/weekday-paddles#page=101.pdf,https://www4.septa.org/picking/pdf/spring-a-2026/frankford/bus/trip-sheets/weekday-trip-sheets.pdf
FrankfordWeekday302,302,Frankford,1 of 2,103,Weekday,https://www4.septa.org/picking/pdf/spring-a-2026/frankford/bus/paddles/weekday-paddles#page103.pdf,https://www4.septa.org/picking/pdf/spring-a-2026/frankford/bus/paddles/weekday-paddles#page=103.pdf,https://www4.septa.org/picking/pdf/spring-a-2026/frankford/bus/trip-sheets/weekday-trip-sheets.pdf
FrankfordWeekday303,303,Frankford,1 of 2,105,Weekday,https://www4.septa.org/picking/pdf/spring-a-2026/frankford/bus/paddles/weekday-paddles#page105.pdf,https://www4.septa.org/picking/pdf/spring-a-2026/frankford/bus/paddles/weekday-paddles#page=105.pdf,https://www4.septa.org/picking/pdf/spring-a-2026/frankford/bus/trip-sheets/weekday-trip-sheets.pdf
FrankfordWeekday304,304,Frankford,1 of 2,107,Weekday,https://www4.septa.org/picking/pdf/spring-a-2026/frankford/bus/paddles/weekday-paddles#page107.pdf,https://www4.septa.org/picking/pdf/spring-a-2026/frankford/bus/paddles/weekday-paddles#page=107.pdf,https://www4.septa.org/picking/pdf/spring-a-2026/frankford/bus/trip-sheets/weekday-trip-sheets.pdf
FrankfordWeekday305,305,Frankford,1 of 2,109,Weekday,https://www4.septa.org/picking/pdf/spring-a-2026/frankford/bus/paddles/weekday-paddles#page109.pdf,https://www4.septa.org/picking/pdf/spring-a-2026/frankford/bus/paddles/weekday-paddles#page=109.pdf,https://www4.septa.org/picking/pdf/spring-a-2026/frankford/bus/trip-sheets/weekday-trip-sheets.pdf
FrankfordWeekday306,306,Frankford,1 of 2,111,Weekday,https://www4.septa.org/picking/pdf/spring-a-2026/frankford/bus/paddles/weekday-paddles#page111.pdf,https://www4.septa.org/picking/pdf/spring-a-2026/frankford/bus/paddles/weekday-paddles#page=111.pdf,https://www4.septa.org/picking/pdf/spring-a-2026/frankford/bus/trip-sheets/weekday-trip-sheets.pdf
FrankfordWeekday307,307,Frankford,1 of 2,113,Weekday,https://www4.septa.org/picking/pdf/spring-a-2026/frankford/bus/paddles/weekday-paddles#page113.pdf,https://www4.septa.org/picking/pdf/spring-a-2026/frankford/bus/paddles/weekday-paddles#page=113.pdf,https://www4.septa.org/picking/pdf/spring-a-2026/frankford/bus/trip-sheets/weekday-trip-sheets.pdf
FrankfordWeekday308,308,Frankford,1 of 3,115,Weekday,https://www4.septa.org/picking/pdf/spring-a-2026/frankford/bus/paddles/weekday-paddles#page115.pdf,https://www4.septa.org/picking/pdf/spring-a-2026/frankford/bus/paddles/weekday-paddles#page=115.pdf,https://www4.septa.org/picking/pdf/spring-a-2026/frankford/bus/trip-sheets/weekday-trip-sheets.pdf
FrankfordWeekday309,309,Frankford,1 of 6,118,Weekday,https://www4.septa.org/picking/pdf/spring-a-2026/frankford/bus/paddles/weekday-paddles#page118.pdf,https://www4.septa.org/picking/pdf/spring-a-2026/frankford/bus/paddles/weekday-paddles#page=118.pdf,https://www4.septa.org/picking/pdf/spring-a-2026/frankford/bus/trip-sheets/weekday-trip-sheets.pdf
FrankfordWeekday310,310,Frankford,1 of 2,124,Weekday,https://www4.septa.org/picking/pdf/spring-a-2026/frankford/bus/paddles/weekday-paddles#page124.pdf,https://www4.septa.org/picking/pdf/spring-a-2026/frankford/bus/paddles/weekday-paddles#page=124.pdf,https://www4.septa.org/picking/pdf/spring-a-2026/frankford/bus/trip-sheets/weekday-trip-sheets.pdf
FrankfordWeekday311,311,Frankford,1 of 2,126,Weekday,https://www4.septa.org/picking/pdf/spring-a-2026/frankford/bus/paddles/weekday-paddles#page126.pdf,https://www4.septa.org/picking/pdf/spring-a-2026/frankford/bus/paddles/weekday-paddles#page=126.pdf,https://www4.septa.org/picking/pdf/spring-a-2026/frankford/bus/trip-sheets/weekday-trip-sheets.pdf
FrankfordWeekday312,312,Frankford,1 of 2,128,Weekday,https://www4.septa.org/picking/pdf/spring-a-2026/frankford/bus/paddles/weekday-paddles#page128.pdf,https://www4.septa.org/picking/pdf/spring-a-2026/frankford/bus/paddles/weekday-paddles#page=128.pdf,https://www4.septa.org/picking/pdf/spring-a-2026/frankford/bus/trip-sheets/weekday-trip-sheets.pdf
FrankfordWeekday313,313,Frankford,1 of 2,130,Weekday,https://www4.septa.org/picking/pdf/spring-a-2026/frankford/bus/paddles/weekday-paddles#page130.pdf,https://www4.septa.org/picking/pdf/spring-a-2026/frankford/bus/paddles/weekday-paddles#page=130.pdf,https://www4.septa.org/picking/pdf/spring-a-2026/frankford/bus/trip-sheets/weekday-trip-sheets.pdf
FrankfordWeekday314,314,Frankford,1 of 3,132,Weekday,https://www4.septa.org/picking/pdf/spring-a-2026/frankford/bus/paddles/weekday-paddles#page132.pdf,https://www4.septa.org/picking/pdf/spring-a-2026/frankford/bus/paddles/weekday-paddles#page=132.pdf,https://www4.septa.org/picking/pdf/spring-a-2026/frankford/bus/trip-sheets/weekday-trip-sheets.pdf
FrankfordWeekday315,315,Frankford,1 of 3,135,Weekday,https://www4.septa.org/picking/pdf/spring-a-2026/frankford/bus/paddles/weekday-paddles#page135.pdf,https://www4.septa.org/picking/pdf/spring-a-2026/frankford/bus/paddles/weekday-paddles#page=135.pdf,https://www4.septa.org/picking/pdf/spring-a-2026/frankford/bus/trip-sheets/weekday-trip-sheets.pdf
FrankfordWeekday316,316,Frankford,1 of 2,138,Weekday,https://www4.septa.org/picking/pdf/spring-a-2026/frankford/bus/paddles/weekday-paddles#page138.pdf,https://www4.septa.org/picking/pdf/spring-a-2026/frankford/bus/paddles/weekday-paddles#page=138.pdf,https://www4.septa.org/picking/pdf/spring-a-2026/frankford/bus/trip-sheets/weekday-trip-sheets.pdf
FrankfordWeekday317,317,Frankford,1 of 2,140,Weekday,https://www4.septa.org/picking/pdf/spring-a-2026/frankford/bus/paddles/weekday-paddles#page140.pdf,https://www4.septa.org/picking/pdf/spring-a-2026/frankford/bus/paddles/weekday-paddles#page=140.pdf,https://www4.septa.org/picking/pdf/spring-a-2026/frankford/bus/trip-sheets/weekday-trip-sheets.pdf
FrankfordWeekday318,318,Frankford,1 of 2,142,Weekday,https://www4.septa.org/picking/pdf/spring-a-2026/frankford/bus/paddles/weekday-paddles#page142.pdf,https://www4.septa.org/picking/pdf/spring-a-2026/frankford/bus/paddles/weekday-paddles#page=142.pdf,https://www4.septa.org/picking/pdf/spring-a-2026/frankford/bus/trip-sheets/weekday-trip-sheets.pdf
FrankfordWeekday319,319,Frankford,1 of 2,144,Weekday,https://www4.septa.org/picking/pdf/spring-a-2026/frankford/bus/paddles/weekday-paddles#page144.pdf,https://www4.septa.org/picking/pdf/spring-a-2026/frankford/bus/paddles/weekday-paddles#page=144.pdf,https://www4.septa.org/picking/pdf/spring-a-2026/frankford/bus/trip-sheets/weekday-trip-sheets.pdf
FrankfordWeekday320,320,Frankford,1 of 4,146,Weekday,https://www4.septa.org/picking/pdf/spring-a-2026/frankford/bus/paddles/weekday-paddles#page146.pdf,https://www4.septa.org/picking/pdf/spring-a-2026/frankford/bus/paddles/weekday-paddles#page=146.pdf,https://www4.septa.org/picking/pdf/spring-a-2026/frankford/bus/trip-sheets/weekday-trip-sheets.pdf
FrankfordWeekday321,321,Frankford,1 of 2,150,Weekday,https://www4.septa.org/picking/pdf/spring-a-2026/frankford/bus/paddles/weekday-paddles#page150.pdf,https://www4.septa.org/picking/pdf/spring-a-2026/frankford/bus/paddles/weekday-paddles#page=150.pdf,https://www4.septa.org/picking/pdf/spring-a-2026/frankford/bus/trip-sheets/weekday-trip-sheets.pdf
FrankfordWeekday322,322,Frankford,1 of 2,152,Weekday,https://www4.septa.org/picking/pdf/spring-a-2026/frankford/bus/paddles/weekday-paddles#page152.pdf,https://www4.septa.org/picking/pdf/spring-a-2026/frankford/bus/paddles/weekday-paddles#page=152.pdf,https://www4.septa.org/picking/pdf/spring-a-2026/frankford/bus/trip-sheets/weekday-trip-sheets.pdf
FrankfordWeekday351,351,Frankford,1 of 2,154,Weekday,https://www4.septa.org/picking/pdf/spring-a-2026/frankford/bus/paddles/weekday-paddles#page154.pdf,https://www4.septa.org/picking/pdf/spring-a-2026/frankford/bus/paddles/weekday-paddles#page=154.pdf,https://www4.septa.org/picking/pdf/spring-a-2026/frankford/bus/trip-sheets/weekday-trip-sheets.pdf
FrankfordWeekday352,352,Frankford,1 of 2,156,Weekday,https://www4.septa.org/picking/pdf/spring-a-2026/frankford/bus/paddles/weekday-paddles#page156.pdf,https://www4.septa.org/picking/pdf/spring-a-2026/frankford/bus/paddles/weekday-paddles#page=156.pdf,https://www4.septa.org/picking/pdf/spring-a-2026/frankford/bus/trip-sheets/weekday-trip-sheets.pdf
FrankfordWeekday353,353,Frankford,1 of 2,158,Weekday,https://www4.septa.org/picking/pdf/spring-a-2026/frankford/bus/paddles/weekday-paddles#page158.pdf,https://www4.septa.org/picking/pdf/spring-a-2026/frankford/bus/paddles/weekday-paddles#page=158.pdf,https://www4.septa.org/picking/pdf/spring-a-2026/frankford/bus/trip-sheets/weekday-trip-sheets.pdf
FrankfordWeekday354,354,Frankford,1 of 3,160,Weekday,https://www4.septa.org/picking/pdf/spring-a-2026/frankford/bus/paddles/weekday-paddles#page160.pdf,https://www4.septa.org/picking/pdf/spring-a-2026/frankford/bus/paddles/weekday-paddles#page=160.pdf,https://www4.septa.org/picking/pdf/spring-a-2026/frankford/bus/trip-sheets/weekday-trip-sheets.pdf
FrankfordWeekday355,355,Frankford,1 of 2,163,Weekday,https://www4.septa.org/picking/pdf/spring-a-2026/frankford/bus/paddles/weekday-paddles#page163.pdf,https://www4.septa.org/picking/pdf/spring-a-2026/frankford/bus/paddles/weekday-paddles#page=163.pdf,https://www4.septa.org/picking/pdf/spring-a-2026/frankford/bus/trip-sheets/weekday-trip-sheets.pdf
FrankfordWeekday356,356,Frankford,1 of 2,165,Weekday,https://www4.septa.org/picking/pdf/spring-a-2026/frankford/bus/paddles/weekday-paddles#page165.pdf,https://www4.septa.org/picking/pdf/spring-a-2026/frankford/bus/paddles/weekday-paddles#page=165.pdf,https://www4.septa.org/picking/pdf/spring-a-2026/frankford/bus/trip-sheets/weekday-trip-sheets.pdf
FrankfordWeekday357,357,Frankford,1 of 2,167,Weekday,https://www4.septa.org/picking/pdf/spring-a-2026/frankford/bus/paddles/weekday-paddles#page167.pdf,https://www4.septa.org/picking/pdf/spring-a-2026/frankford/bus/paddles/weekday-paddles#page=167.pdf,https://www4.septa.org/picking/pdf/spring-a-2026/frankford/bus/trip-sheets/weekday-trip-sheets.pdf
FrankfordWeekday401,401,Frankford,1 of 2,169,Weekday,https://www4.septa.org/picking/pdf/spring-a-2026/frankford/bus/paddles/weekday-paddles#page169.pdf,https://www4.septa.org/picking/pdf/spring-a-2026/frankford/bus/paddles/weekday-paddles#page=169.pdf,https://www4.septa.org/picking/pdf/spring-a-2026/frankford/bus/trip-sheets/weekday-trip-sheets.pdf
FrankfordWeekday402,402,Frankford,1 of 1,171,Weekday,https://www4.septa.org/picking/pdf/spring-a-2026/frankford/bus/paddles/weekday-paddles#page171.pdf,https://www4.septa.org/picking/pdf/spring-a-2026/frankford/bus/paddles/weekday-paddles#page=171.pdf,https://www4.septa.org/picking/pdf/spring-a-2026/frankford/bus/trip-sheets/weekday-trip-sheets.pdf
FrankfordWeekday403,403,Frankford,1 of 1,172,Weekday,https://www4.septa.org/picking/pdf/spring-a-2026/frankford/bus/paddles/weekday-paddles#page172.pdf,https://www4.septa.org/picking/pdf/spring-a-2026/frankford/bus/paddles/weekday-paddles#page=172.pdf,https://www4.septa.org/picking/pdf/spring-a-2026/frankford/bus/trip-sheets/weekday-trip-sheets.pdf
FrankfordWeekday404,404,Frankford,1 of 1,173,Weekday,https://www4.septa.org/picking/pdf/spring-a-2026/frankford/bus/paddles/weekday-paddles#page173.pdf,https://www4.septa.org/picking/pdf/spring-a-2026/frankford/bus/paddles/weekday-paddles#page=173.pdf,https://www4.septa.org/picking/pdf/spring-a-2026/frankford/bus/trip-sheets/weekday-trip-sheets.pdf
FrankfordWeekday405,405,Frankford,1 of 2,174,Weekday,https://www4.septa.org/picking/pdf/spring-a-2026/frankford/bus/paddles/weekday-paddles#page174.pdf,https://www4.septa.org/picking/pdf/spring-a-2026/frankford/bus/paddles/weekday-paddles#page=174.pdf,https://www4.septa.org/picking/pdf/spring-a-2026/frankford/bus/trip-sheets/weekday-trip-sheets.pdf
FrankfordWeekday406,406,Frankford,1 of 1,176,Weekday,https://www4.septa.org/picking/pdf/spring-a-2026/frankford/bus/paddles/weekday-paddles#page176.pdf,https://www4.septa.org/picking/pdf/spring-a-2026/frankford/bus/paddles/weekday-paddles#page=176.pdf,https://www4.septa.org/picking/pdf/spring-a-2026/frankford/bus/trip-sheets/weekday-trip-sheets.pdf
FrankfordWeekday407,407,Frankford,1 of 1,177,Weekday,https://www4.septa.org/picking/pdf/spring-a-2026/frankford/bus/paddles/weekday-paddles#page177.pdf,https://www4.septa.org/picking/pdf/spring-a-2026/frankford/bus/paddles/weekday-paddles#page=177.pdf,https://www4.septa.org/picking/pdf/spring-a-2026/frankford/bus/trip-sheets/weekday-trip-sheets.pdf
FrankfordWeekday408,408,Frankford,1 of 1,178,Weekday,https://www4.septa.org/picking/pdf/spring-a-2026/frankford/bus/paddles/weekday-paddles#page178.pdf,https://www4.septa.org/picking/pdf/spring-a-2026/frankford/bus/paddles/weekday-paddles#page=178.pdf,https://www4.septa.org/picking/pdf/spring-a-2026/frankford/bus/trip-sheets/weekday-trip-sheets.pdf
FrankfordWeekday451,451,Frankford,1 of 2,179,Weekday,https://www4.septa.org/picking/pdf/spring-a-2026/frankford/bus/paddles/weekday-paddles#page179.pdf,https://www4.septa.org/picking/pdf/spring-a-2026/frankford/bus/paddles/weekday-paddles#page=179.pdf,https://www4.septa.org/picking/pdf/spring-a-2026/frankford/bus/trip-sheets/weekday-trip-sheets.pdf
FrankfordWeekday452,452,Frankford,1 of 2,181,Weekday,https://www4.septa.org/picking/pdf/spring-a-2026/frankford/bus/paddles/weekday-paddles#page181.pdf,https://www4.septa.org/picking/pdf/spring-a-2026/frankford/bus/paddles/weekday-paddles#page=181.pdf,https://www4.septa.org/picking/pdf/spring-a-2026/frankford/bus/trip-sheets/weekday-trip-sheets.pdf
FrankfordWeekday453,453,Frankford,1 of 3,183,Weekday,https://www4.septa.org/picking/pdf/spring-a-2026/frankford/bus/paddles/weekday-paddles#page183.pdf,https://www4.septa.org/picking/pdf/spring-a-2026/frankford/bus/paddles/weekday-paddles#page=183.pdf,https://www4.septa.org/picking/pdf/spring-a-2026/frankford/bus/trip-sheets/weekday-trip-sheets.pdf
FrankfordWeekday551,551,Frankford,1 of 2,186,Weekday,https://www4.septa.org/picking/pdf/spring-a-2026/frankford/bus/paddles/weekday-paddles#page186.pdf,https://www4.septa.org/picking/pdf/spring-a-2026/frankford/bus/paddles/weekday-paddles#page=186.pdf,https://www4.septa.org/picking/pdf/spring-a-2026/frankford/bus/trip-sheets/weekday-trip-sheets.pdf
FrankfordWeekday552,552,Frankford,1 of 3,188,Weekday,https://www4.septa.org/picking/pdf/spring-a-2026/frankford/bus/paddles/weekday-paddles#page188.pdf,https://www4.septa.org/picking/pdf/spring-a-2026/frankford/bus/paddles/weekday-paddles#page=188.pdf,https://www4.septa.org/picking/pdf/spring-a-2026/frankford/bus/trip-sheets/weekday-trip-sheets.pdf
FrankfordWeekday553,553,Frankford,1 of 3,191,Weekday,https://www4.septa.org/picking/pdf/spring-a-2026/frankford/bus/paddles/weekday-paddles#page191.pdf,https://www4.septa.org/picking/pdf/spring-a-2026/frankford/bus/paddles/weekday-paddles#page=191.pdf,https://www4.septa.org/picking/pdf/spring-a-2026/frankford/bus/trip-sheets/weekday-trip-sheets.pdf
FrankfordWeekday554,554,Frankford,1 of 2,194,Weekday,https://www4.septa.org/picking/pdf/spring-a-2026/frankford/bus/paddles/weekday-paddles#page194.pdf,https://www4.septa.org/picking/pdf/spring-a-2026/frankford/bus/paddles/weekday-paddles#page=194.pdf,https://www4.septa.org/picking/pdf/spring-a-2026/frankford/bus/trip-sheets/weekday-trip-sheets.pdf
FrankfordWeekday555,555,Frankford,1 of 4,196,Weekday,https://www4.septa.org/picking/pdf/spring-a-2026/frankford/bus/paddles/weekday-paddles#page196.pdf,https://www4.septa.org/picking/pdf/spring-a-2026/frankford/bus/paddles/weekday-paddles#page=196.pdf,https://www4.septa.org/picking/pdf/spring-a-2026/frankford/bus/trip-sheets/weekday-trip-sheets.pdf
FrankfordWeekday556,556,Frankford,1 of 2,200,Weekday,https://www4.septa.org/picking/pdf/spring-a-2026/frankford/bus/paddles/weekday-paddles#page200.pdf,https://www4.septa.org/picking/pdf/spring-a-2026/frankford/bus/paddles/weekday-paddles#page=200.pdf,https://www4.septa.org/picking/pdf/spring-a-2026/frankford/bus/trip-sheets/weekday-trip-sheets.pdf
FrankfordWeekday781,781,Frankford,1 of 1,202,Weekday,https://www4.septa.org/picking/pdf/spring-a-2026/frankford/bus/paddles/weekday-paddles#page202.pdf,https://www4.septa.org/picking/pdf/spring-a-2026/frankford/bus/paddles/weekday-paddles#page=202.pdf,https://www4.septa.org/picking/pdf/spring-a-2026/frankford/bus/trip-sheets/weekday-trip-sheets.pdf
FrankfordWeekday801,801,Frankford,1 of 2,203,Weekday,https://www4.septa.org/picking/pdf/spring-a-2026/frankford/bus/paddles/weekday-paddles#page203.pdf,https://www4.septa.org/picking/pdf/spring-a-2026/frankford/bus/paddles/weekday-paddles#page=203.pdf,https://www4.septa.org/picking/pdf/spring-a-2026/frankford/bus/trip-sheets/weekday-trip-sheets.pdf
FrankfordWeekday802,802,Frankford,1 of 1,205,Weekday,https://www4.septa.org/picking/pdf/spring-a-2026/frankford/bus/paddles/weekday-paddles#page205.pdf,https://www4.septa.org/picking/pdf/spring-a-2026/frankford/bus/paddles/weekday-paddles#page=205.pdf,https://www4.septa.org/picking/pdf/spring-a-2026/frankford/bus/trip-sheets/weekday-trip-sheets.pdf
FrankfordWeekday803,803,Frankford,1 of 2,206,Weekday,https://www4.septa.org/picking/pdf/spring-a-2026/frankford/bus/paddles/weekday-paddles#page206.pdf,https://www4.septa.org/picking/pdf/spring-a-2026/frankford/bus/paddles/weekday-paddles#page=206.pdf,https://www4.septa.org/picking/pdf/spring-a-2026/frankford/bus/trip-sheets/weekday-trip-sheets.pdf
FrankfordWeekday804,804,Frankford,1 of 4,208,Weekday,https://www4.septa.org/picking/pdf/spring-a-2026/frankford/bus/paddles/weekday-paddles#page208.pdf,https://www4.septa.org/picking/pdf/spring-a-2026/frankford/bus/paddles/weekday-paddles#page=208.pdf,https://www4.septa.org/picking/pdf/spring-a-2026/frankford/bus/trip-sheets/weekday-trip-sheets.pdf
FrankfordWeekday805,805,Frankford,1 of 2,212,Weekday,https://www4.septa.org/picking/pdf/spring-a-2026/frankford/bus/paddles/weekday-paddles#page212.pdf,https://www4.septa.org/picking/pdf/spring-a-2026/frankford/bus/paddles/weekday-paddles#page=212.pdf,https://www4.septa.org/picking/pdf/spring-a-2026/frankford/bus/trip-sheets/weekday-trip-sheets.pdf
FrankfordWeekday806,806,Frankford,1 of 2,214,Weekday,https://www4.septa.org/picking/pdf/spring-a-2026/frankford/bus/paddles/weekday-paddles#page214.pdf,https://www4.septa.org/picking/pdf/spring-a-2026/frankford/bus/paddles/weekday-paddles#page=214.pdf,https://www4.septa.org/picking/pdf/spring-a-2026/frankford/bus/trip-sheets/weekday-trip-sheets.pdf
FrankfordWeekday807,807,Frankford,1 of 2,216,Weekday,https://www4.septa.org/picking/pdf/spring-a-2026/frankford/bus/paddles/weekday-paddles#page216.pdf,https://www4.septa.org/picking/pdf/spring-a-2026/frankford/bus/paddles/weekday-paddles#page=216.pdf,https://www4.septa.org/picking/pdf/spring-a-2026/frankford/bus/trip-sheets/weekday-trip-sheets.pdf
FrankfordWeekday808,808,Frankford,1 of 2,218,Weekday,https://www4.septa.org/picking/pdf/spring-a-2026/frankford/bus/paddles/weekday-paddles#page218.pdf,https://www4.septa.org/picking/pdf/spring-a-2026/frankford/bus/paddles/weekday-paddles#page=218.pdf,https://www4.septa.org/picking/pdf/spring-a-2026/frankford/bus/trip-sheets/weekday-trip-sheets.pdf
FrankfordWeekday809,809,Frankford,1 of 2,220,Weekday,https://www4.septa.org/picking/pdf/spring-a-2026/frankford/bus/paddles/weekday-paddles#page220.pdf,https://www4.septa.org/picking/pdf/spring-a-2026/frankford/bus/paddles/weekday-paddles#page=220.pdf,https://www4.septa.org/picking/pdf/spring-a-2026/frankford/bus/trip-sheets/weekday-trip-sheets.pdf
FrankfordWeekday810,810,Frankford,1 of 2,222,Weekday,https://www4.septa.org/picking/pdf/spring-a-2026/frankford/bus/paddles/weekday-paddles#page222.pdf,https://www4.septa.org/picking/pdf/spring-a-2026/frankford/bus/paddles/weekday-paddles#page=222.pdf,https://www4.septa.org/picking/pdf/spring-a-2026/frankford/bus/trip-sheets/weekday-trip-sheets.pdf
FrankfordWeekday811,811,Frankford,1 of 2,224,Weekday,https://www4.septa.org/picking/pdf/spring-a-2026/frankford/bus/paddles/weekday-paddles#page224.pdf,https://www4.septa.org/picking/pdf/spring-a-2026/frankford/bus/paddles/weekday-paddles#page=224.pdf,https://www4.septa.org/picking/pdf/spring-a-2026/frankford/bus/trip-sheets/weekday-trip-sheets.pdf
FrankfordWeekday812,812,Frankford,1 of 3,226,Weekday,https://www4.septa.org/picking/pdf/spring-a-2026/frankford/bus/paddles/weekday-paddles#page226.pdf,https://www4.septa.org/picking/pdf/spring-a-2026/frankford/bus/paddles/weekday-paddles#page=226.pdf,https://www4.septa.org/picking/pdf/spring-a-2026/frankford/bus/trip-sheets/weekday-trip-sheets.pdf
FrankfordWeekday813,813,Frankford,1 of 1,229,Weekday,https://www4.septa.org/picking/pdf/spring-a-2026/frankford/bus/paddles/weekday-paddles#page229.pdf,https://www4.septa.org/picking/pdf/spring-a-2026/frankford/bus/paddles/weekday-paddles#page=229.pdf,https://www4.septa.org/picking/pdf/spring-a-2026/frankford/bus/trip-sheets/weekday-trip-sheets.pdf
FrankfordWeekday814,814,Frankford,1 of 1,230,Weekday,https://www4.septa.org/picking/pdf/spring-a-2026/frankford/bus/paddles/weekday-paddles#page230.pdf,https://www4.septa.org/picking/pdf/spring-a-2026/frankford/bus/paddles/weekday-paddles#page=230.pdf,https://www4.septa.org/picking/pdf/spring-a-2026/frankford/bus/trip-sheets/weekday-trip-sheets.pdf
FrankfordWeekday815,815,Frankford,1 of 1,231,Weekday,https://www4.septa.org/picking/pdf/spring-a-2026/frankford/bus/paddles/weekday-paddles#page231.pdf,https://www4.septa.org/picking/pdf/spring-a-2026/frankford/bus/paddles/weekday-paddles#page=231.pdf,https://www4.septa.org/picking/pdf/spring-a-2026/frankford/bus/trip-sheets/weekday-trip-sheets.pdf
FrankfordWeekday816,816,Frankford,1 of 1,232,Weekday,https://www4.septa.org/picking/pdf/spring-a-2026/frankford/bus/paddles/weekday-paddles#page232.pdf,https://www4.septa.org/picking/pdf/spring-a-2026/frankford/bus/paddles/weekday-paddles#page=232.pdf,https://www4.septa.org/picking/pdf/spring-a-2026/frankford/bus/trip-sheets/weekday-trip-sheets.pdf
FrankfordWeekday817,817,Frankford,1 of 1,233,Weekday,https://www4.septa.org/picking/pdf/spring-a-2026/frankford/bus/paddles/weekday-paddles#page233.pdf,https://www4.septa.org/picking/pdf/spring-a-2026/frankford/bus/paddles/weekday-paddles#page=233.pdf,https://www4.septa.org/picking/pdf/spring-a-2026/frankford/bus/trip-sheets/weekday-trip-sheets.pdf
FrankfordWeekday818,818,Frankford,1 of 1,234,Weekday,https://www4.septa.org/picking/pdf/spring-a-2026/frankford/bus/paddles/weekday-paddles#page234.pdf,https://www4.septa.org/picking/pdf/spring-a-2026/frankford/bus/paddles/weekday-paddles#page=234.pdf,https://www4.septa.org/picking/pdf/spring-a-2026/frankford/bus/trip-sheets/weekday-trip-sheets.pdf
FrankfordWeekday901,901,Frankford,1 of 2,235,Weekday,https://www4.septa.org/picking/pdf/spring-a-2026/frankford/bus/paddles/weekday-paddles#page235.pdf,https://www4.septa.org/picking/pdf/spring-a-2026/frankford/bus/paddles/weekday-paddles#page=235.pdf,https://www4.septa.org/picking/pdf/spring-a-2026/frankford/bus/trip-sheets/weekday-trip-sheets.pdf
FrankfordWeekday902,902,Frankford,1 of 3,237,Weekday,https://www4.septa.org/picking/pdf/spring-a-2026/frankford/bus/paddles/weekday-paddles#page237.pdf,https://www4.septa.org/picking/pdf/spring-a-2026/frankford/bus/paddles/weekday-paddles#page=237.pdf,https://www4.septa.org/picking/pdf/spring-a-2026/frankford/bus/trip-sheets/weekday-trip-sheets.pdf
FrankfordWeekday903,903,Frankford,1 of 2,240,Weekday,https://www4.septa.org/picking/pdf/spring-a-2026/frankford/bus/paddles/weekday-paddles#page240.pdf,https://www4.septa.org/picking/pdf/spring-a-2026/frankford/bus/paddles/weekday-paddles#page=240.pdf,https://www4.septa.org/picking/pdf/spring-a-2026/frankford/bus/trip-sheets/weekday-trip-sheets.pdf
FrankfordWeekday904,904,Frankford,1 of 3,242,Weekday,https://www4.septa.org/picking/pdf/spring-a-2026/frankford/bus/paddles/weekday-paddles#page242.pdf,https://www4.septa.org/picking/pdf/spring-a-2026/frankford/bus/paddles/weekday-paddles#page=242.pdf,https://www4.septa.org/picking/pdf/spring-a-2026/frankford/bus/trip-sheets/weekday-trip-sheets.pdf
FrankfordWeekday905,905,Frankford,1 of 2,245,Weekday,https://www4.septa.org/picking/pdf/spring-a-2026/frankford/bus/paddles/weekday-paddles#page245.pdf,https://www4.septa.org/picking/pdf/spring-a-2026/frankford/bus/paddles/weekday-paddles#page=245.pdf,https://www4.septa.org/picking/pdf/spring-a-2026/frankford/bus/trip-sheets/weekday-trip-sheets.pdf
FrankfordWeekday906,906,Frankford,1 of 2,247,Weekday,https://www4.septa.org/picking/pdf/spring-a-2026/frankford/bus/paddles/weekday-paddles#page247.pdf,https://www4.septa.org/picking/pdf/spring-a-2026/frankford/bus/paddles/weekday-paddles#page=247.pdf,https://www4.septa.org/picking/pdf/spring-a-2026/frankford/bus/trip-sheets/weekday-trip-sheets.pdf
FrankfordWeekday907,907,Frankford,1 of 3,249,Weekday,https://www4.septa.org/picking/pdf/spring-a-2026/frankford/bus/paddles/weekday-paddles#page249.pdf,https://www4.septa.org/picking/pdf/spring-a-2026/frankford/bus/paddles/weekday-paddles#page=249.pdf,https://www4.septa.org/picking/pdf/spring-a-2026/frankford/bus/trip-sheets/weekday-trip-sheets.pdf
FrankfordWeekday908,908,Frankford,1 of 3,252,Weekday,https://www4.septa.org/picking/pdf/spring-a-2026/frankford/bus/paddles/weekday-paddles#page252.pdf,https://www4.septa.org/picking/pdf/spring-a-2026/frankford/bus/paddles/weekday-paddles#page=252.pdf,https://www4.septa.org/picking/pdf/spring-a-2026/frankford/bus/trip-sheets/weekday-trip-sheets.pdf
FrankfordWeekday909,909,Frankford,1 of 2,255,Weekday,https://www4.septa.org/picking/pdf/spring-a-2026/frankford/bus/paddles/weekday-paddles#page255.pdf,https://www4.septa.org/picking/pdf/spring-a-2026/frankford/bus/paddles/weekday-paddles#page=255.pdf,https://www4.septa.org/picking/pdf/spring-a-2026/frankford/bus/trip-sheets/weekday-trip-sheets.pdf
FrankfordWeekday910,910,Frankford,1 of 2,257,Weekday,https://www4.septa.org/picking/pdf/spring-a-2026/frankford/bus/paddles/weekday-paddles#page257.pdf,https://www4.septa.org/picking/pdf/spring-a-2026/frankford/bus/paddles/weekday-paddles#page=257.pdf,https://www4.septa.org/picking/pdf/spring-a-2026/frankford/bus/trip-sheets/weekday-trip-sheets.pdf
FrankfordWeekday911,911,Frankford,1 of 2,259,Weekday,https://www4.septa.org/picking/pdf/spring-a-2026/frankford/bus/paddles/weekday-paddles#page259.pdf,https://www4.septa.org/picking/pdf/spring-a-2026/frankford/bus/paddles/weekday-paddles#page=259.pdf,https://www4.septa.org/picking/pdf/spring-a-2026/frankford/bus/trip-sheets/weekday-trip-sheets.pdf
FrankfordWeekday931,931,Frankford,1 of 2,261,Weekday,https://www4.septa.org/picking/pdf/spring-a-2026/frankford/bus/paddles/weekday-paddles#page261.pdf,https://www4.septa.org/picking/pdf/spring-a-2026/frankford/bus/paddles/weekday-paddles#page=261.pdf,https://www4.septa.org/picking/pdf/spring-a-2026/frankford/bus/trip-sheets/weekday-trip-sheets.pdf
FrankfordWeekday932,932,Frankford,1 of 2,263,Weekday,https://www4.septa.org/picking/pdf/spring-a-2026/frankford/bus/paddles/weekday-paddles#page263.pdf,https://www4.septa.org/picking/pdf/spring-a-2026/frankford/bus/paddles/weekday-paddles#page=263.pdf,https://www4.septa.org/picking/pdf/spring-a-2026/frankford/bus/trip-sheets/weekday-trip-sheets.pdf
FrankfordWeekday951,951,Frankford,1 of 2,265,Weekday,https://www4.septa.org/picking/pdf/spring-a-2026/frankford/bus/paddles/weekday-paddles#page265.pdf,https://www4.septa.org/picking/pdf/spring-a-2026/frankford/bus/paddles/weekday-paddles#page=265.pdf,https://www4.septa.org/picking/pdf/spring-a-2026/frankford/bus/trip-sheets/weekday-trip-sheets.pdf
FrankfordWeekday952,952,Frankford,1 of 2,267,Weekday,https://www4.septa.org/picking/pdf/spring-a-2026/frankford/bus/paddles/weekday-paddles#page267.pdf,https://www4.septa.org/picking/pdf/spring-a-2026/frankford/bus/paddles/weekday-paddles#page=267.pdf,https://www4.septa.org/picking/pdf/spring-a-2026/frankford/bus/trip-sheets/weekday-trip-sheets.pdf
FrankfordWeekday953,953,Frankford,1 of 2,269,Weekday,https://www4.septa.org/picking/pdf/spring-a-2026/frankford/bus/paddles/weekday-paddles#page269.pdf,https://www4.septa.org/picking/pdf/spring-a-2026/frankford/bus/paddles/weekday-paddles#page=269.pdf,https://www4.septa.org/picking/pdf/spring-a-2026/frankford/bus/trip-sheets/weekday-trip-sheets.pdf
FrankfordWeekday954,954,Frankford,1 of 3,271,Weekday,https://www4.septa.org/picking/pdf/spring-a-2026/frankford/bus/paddles/weekday-paddles#page271.pdf,https://www4.septa.org/picking/pdf/spring-a-2026/frankford/bus/paddles/weekday-paddles#page=271.pdf,https://www4.septa.org/picking/pdf/spring-a-2026/frankford/bus/trip-sheets/weekday-trip-sheets.pdf
FrankfordWeekday955,955,Frankford,1 of 5,274,Weekday,https://www4.septa.org/picking/pdf/spring-a-2026/frankford/bus/paddles/weekday-paddles#page274.pdf,https://www4.septa.org/picking/pdf/spring-a-2026/frankford/bus/paddles/weekday-paddles#page=274.pdf,https://www4.septa.org/picking/pdf/spring-a-2026/frankford/bus/trip-sheets/weekday-trip-sheets.pdf
FrankfordWeekday956,956,Frankford,1 of 2,279,Weekday,https://www4.septa.org/picking/pdf/spring-a-2026/frankford/bus/paddles/weekday-paddles#page279.pdf,https://www4.septa.org/picking/pdf/spring-a-2026/frankford/bus/paddles/weekday-paddles#page=279.pdf,https://www4.septa.org/picking/pdf/spring-a-2026/frankford/bus/trip-sheets/weekday-trip-sheets.pdf
FrankfordWeekday957,957,Frankford,1 of 3,281,Weekday,https://www4.septa.org/picking/pdf/spring-a-2026/frankford/bus/paddles/weekday-paddles#page281.pdf,https://www4.septa.org/picking/pdf/spring-a-2026/frankford/bus/paddles/weekday-paddles#page=281.pdf,https://www4.septa.org/picking/pdf/spring-a-2026/frankford/bus/trip-sheets/weekday-trip-sheets.pdf
FrankfordWeekday958,958,Frankford,1 of 3,284,Weekday,https://www4.septa.org/picking/pdf/spring-a-2026/frankford/bus/paddles/weekday-paddles#page284.pdf,https://www4.septa.org/picking/pdf/spring-a-2026/frankford/bus/paddles/weekday-paddles#page=284.pdf,https://www4.septa.org/picking/pdf/spring-a-2026/frankford/bus/trip-sheets/weekday-trip-sheets.pdf
FrankfordWeekday991,991,Frankford,1 of 1,287,Weekday,https://www4.septa.org/picking/pdf/spring-a-2026/frankford/bus/paddles/weekday-paddles#page287.pdf,https://www4.septa.org/picking/pdf/spring-a-2026/frankford/bus/paddles/weekday-paddles#page=287.pdf,https://www4.septa.org/picking/pdf/spring-a-2026/frankford/bus/trip-sheets/weekday-trip-sheets.pdf
FrankfordSaturday1,1,Frankford,1 of 2,1,Saturday,https://www4.septa.org/picking/pdf/spring-a-2026/frankford/bus/paddles/saturday-paddles#page1.pdf,https://www4.septa.org/picking/pdf/spring-a-2026/frankford/bus/paddles/saturday-paddles#page=1.pdf,https://www4.septa.org/picking/pdf/spring-a-2026/frankford/bus/trip-sheets/saturday-trip-sheets.pdf
FrankfordSaturday2,2,Frankford,1 of 2,3,Saturday,https://www4.septa.org/picking/pdf/spring-a-2026/frankford/bus/paddles/saturday-paddles#page3.pdf,https://www4.septa.org/picking/pdf/spring-a-2026/frankford/bus/paddles/saturday-paddles#page=3.pdf,https://www4.septa.org/picking/pdf/spring-a-2026/frankford/bus/trip-sheets/saturday-trip-sheets.pdf
FrankfordSaturday3,3,Frankford,1 of 2,5,Saturday,https://www4.septa.org/picking/pdf/spring-a-2026/frankford/bus/paddles/saturday-paddles#page5.pdf,https://www4.septa.org/picking/pdf/spring-a-2026/frankford/bus/paddles/saturday-paddles#page=5.pdf,https://www4.septa.org/picking/pdf/spring-a-2026/frankford/bus/trip-sheets/saturday-trip-sheets.pdf
FrankfordSaturday4,4,Frankford,1 of 2,7,Saturday,https://www4.septa.org/picking/pdf/spring-a-2026/frankford/bus/paddles/saturday-paddles#page7.pdf,https://www4.septa.org/picking/pdf/spring-a-2026/frankford/bus/paddles/saturday-paddles#page=7.pdf,https://www4.septa.org/picking/pdf/spring-a-2026/frankford/bus/trip-sheets/saturday-trip-sheets.pdf
FrankfordSaturday5,5,Frankford,1 of 2,9,Saturday,https://www4.septa.org/picking/pdf/spring-a-2026/frankford/bus/paddles/saturday-paddles#page9.pdf,https://www4.septa.org/picking/pdf/spring-a-2026/frankford/bus/paddles/saturday-paddles#page=9.pdf,https://www4.septa.org/picking/pdf/spring-a-2026/frankford/bus/trip-sheets/saturday-trip-sheets.pdf
FrankfordSaturday101,101,Frankford,1 of 2,11,Saturday,https://www4.septa.org/picking/pdf/spring-a-2026/frankford/bus/paddles/saturday-paddles#page11.pdf,https://www4.septa.org/picking/pdf/spring-a-2026/frankford/bus/paddles/saturday-paddles#page=11.pdf,https://www4.septa.org/picking/pdf/spring-a-2026/frankford/bus/trip-sheets/saturday-trip-sheets.pdf
FrankfordSaturday102,102,Frankford,1 of 2,13,Saturday,https://www4.septa.org/picking/pdf/spring-a-2026/frankford/bus/paddles/saturday-paddles#page13.pdf,https://www4.septa.org/picking/pdf/spring-a-2026/frankford/bus/paddles/saturday-paddles#page=13.pdf,https://www4.septa.org/picking/pdf/spring-a-2026/frankford/bus/trip-sheets/saturday-trip-sheets.pdf
FrankfordSaturday103,103,Frankford,1 of 2,15,Saturday,https://www4.septa.org/picking/pdf/spring-a-2026/frankford/bus/paddles/saturday-paddles#page15.pdf,https://www4.septa.org/picking/pdf/spring-a-2026/frankford/bus/paddles/saturday-paddles#page=15.pdf,https://www4.septa.org/picking/pdf/spring-a-2026/frankford/bus/trip-sheets/saturday-trip-sheets.pdf
FrankfordSaturday104,104,Frankford,1 of 2,17,Saturday,https://www4.septa.org/picking/pdf/spring-a-2026/frankford/bus/paddles/saturday-paddles#page17.pdf,https://www4.septa.org/picking/pdf/spring-a-2026/frankford/bus/paddles/saturday-paddles#page=17.pdf,https://www4.septa.org/picking/pdf/spring-a-2026/frankford/bus/trip-sheets/saturday-trip-sheets.pdf
FrankfordSaturday151,151,Frankford,1 of 2,19,Saturday,https://www4.septa.org/picking/pdf/spring-a-2026/frankford/bus/paddles/saturday-paddles#page19.pdf,https://www4.septa.org/picking/pdf/spring-a-2026/frankford/bus/paddles/saturday-paddles#page=19.pdf,https://www4.septa.org/picking/pdf/spring-a-2026/frankford/bus/trip-sheets/saturday-trip-sheets.pdf
FrankfordSaturday152,152,Frankford,1 of 2,21,Saturday,https://www4.septa.org/picking/pdf/spring-a-2026/frankford/bus/paddles/saturday-paddles#page21.pdf,https://www4.septa.org/picking/pdf/spring-a-2026/frankford/bus/paddles/saturday-paddles#page=21.pdf,https://www4.septa.org/picking/pdf/spring-a-2026/frankford/bus/trip-sheets/saturday-trip-sheets.pdf
FrankfordSaturday153,153,Frankford,1 of 2,23,Saturday,https://www4.septa.org/picking/pdf/spring-a-2026/frankford/bus/paddles/saturday-paddles#page23.pdf,https://www4.septa.org/picking/pdf/spring-a-2026/frankford/bus/paddles/saturday-paddles#page=23.pdf,https://www4.septa.org/picking/pdf/spring-a-2026/frankford/bus/trip-sheets/saturday-trip-sheets.pdf
FrankfordSaturday154,154,Frankford,1 of 2,25,Saturday,https://www4.septa.org/picking/pdf/spring-a-2026/frankford/bus/paddles/saturday-paddles#page25.pdf,https://www4.septa.org/picking/pdf/spring-a-2026/frankford/bus/paddles/saturday-paddles#page=25.pdf,https://www4.septa.org/picking/pdf/spring-a-2026/frankford/bus/trip-sheets/saturday-trip-sheets.pdf
FrankfordSaturday155,155,Frankford,1 of 2,27,Saturday,https://www4.septa.org/picking/pdf/spring-a-2026/frankford/bus/paddles/saturday-paddles#page27.pdf,https://www4.septa.org/picking/pdf/spring-a-2026/frankford/bus/paddles/saturday-paddles#page=27.pdf,https://www4.septa.org/picking/pdf/spring-a-2026/frankford/bus/trip-sheets/saturday-trip-sheets.pdf
FrankfordSaturday156,156,Frankford,1 of 2,29,Saturday,https://www4.septa.org/picking/pdf/spring-a-2026/frankford/bus/paddles/saturday-paddles#page29.pdf,https://www4.septa.org/picking/pdf/spring-a-2026/frankford/bus/paddles/saturday-paddles#page=29.pdf,https://www4.septa.org/picking/pdf/spring-a-2026/frankford/bus/trip-sheets/saturday-trip-sheets.pdf
FrankfordSaturday157,157,Frankford,1 of 2,31,Saturday,https://www4.septa.org/picking/pdf/spring-a-2026/frankford/bus/paddles/saturday-paddles#page31.pdf,https://www4.septa.org/picking/pdf/spring-a-2026/frankford/bus/paddles/saturday-paddles#page=31.pdf,https://www4.septa.org/picking/pdf/spring-a-2026/frankford/bus/trip-sheets/saturday-trip-sheets.pdf
FrankfordSaturday158,158,Frankford,1 of 2,33,Saturday,https://www4.septa.org/picking/pdf/spring-a-2026/frankford/bus/paddles/saturday-paddles#page33.pdf,https://www4.septa.org/picking/pdf/spring-a-2026/frankford/bus/paddles/saturday-paddles#page=33.pdf,https://www4.septa.org/picking/pdf/spring-a-2026/frankford/bus/trip-sheets/saturday-trip-sheets.pdf
FrankfordSaturday159,159,Frankford,1 of 2,35,Saturday,https://www4.septa.org/picking/pdf/spring-a-2026/frankford/bus/paddles/saturday-paddles#page35.pdf,https://www4.septa.org/picking/pdf/spring-a-2026/frankford/bus/paddles/saturday-paddles#page=35.pdf,https://www4.septa.org/picking/pdf/spring-a-2026/frankford/bus/trip-sheets/saturday-trip-sheets.pdf
FrankfordSaturday160,160,Frankford,1 of 2,37,Saturday,https://www4.septa.org/picking/pdf/spring-a-2026/frankford/bus/paddles/saturday-paddles#page37.pdf,https://www4.septa.org/picking/pdf/spring-a-2026/frankford/bus/paddles/saturday-paddles#page=37.pdf,https://www4.septa.org/picking/pdf/spring-a-2026/frankford/bus/trip-sheets/saturday-trip-sheets.pdf
FrankfordSaturday161,161,Frankford,1 of 3,39,Saturday,https://www4.septa.org/picking/pdf/spring-a-2026/frankford/bus/paddles/saturday-paddles#page39.pdf,https://www4.septa.org/picking/pdf/spring-a-2026/frankford/bus/paddles/saturday-paddles#page=39.pdf,https://www4.septa.org/picking/pdf/spring-a-2026/frankford/bus/trip-sheets/saturday-trip-sheets.pdf
FrankfordSaturday162,162,Frankford,1 of 2,42,Saturday,https://www4.septa.org/picking/pdf/spring-a-2026/frankford/bus/paddles/saturday-paddles#page42.pdf,https://www4.septa.org/picking/pdf/spring-a-2026/frankford/bus/paddles/saturday-paddles#page=42.pdf,https://www4.septa.org/picking/pdf/spring-a-2026/frankford/bus/trip-sheets/saturday-trip-sheets.pdf
FrankfordSaturday163,163,Frankford,1 of 2,44,Saturday,https://www4.septa.org/picking/pdf/spring-a-2026/frankford/bus/paddles/saturday-paddles#page44.pdf,https://www4.septa.org/picking/pdf/spring-a-2026/frankford/bus/paddles/saturday-paddles#page=44.pdf,https://www4.septa.org/picking/pdf/spring-a-2026/frankford/bus/trip-sheets/saturday-trip-sheets.pdf
FrankfordSaturday164,164,Frankford,1 of 2,46,Saturday,https://www4.septa.org/picking/pdf/spring-a-2026/frankford/bus/paddles/saturday-paddles#page46.pdf,https://www4.septa.org/picking/pdf/spring-a-2026/frankford/bus/paddles/saturday-paddles#page=46.pdf,https://www4.septa.org/picking/pdf/spring-a-2026/frankford/bus/trip-sheets/saturday-trip-sheets.pdf
FrankfordSaturday165,165,Frankford,1 of 2,48,Saturday,https://www4.septa.org/picking/pdf/spring-a-2026/frankford/bus/paddles/saturday-paddles#page48.pdf,https://www4.septa.org/picking/pdf/spring-a-2026/frankford/bus/paddles/saturday-paddles#page=48.pdf,https://www4.septa.org/picking/pdf/spring-a-2026/frankford/bus/trip-sheets/saturday-trip-sheets.pdf
FrankfordSaturday251,251,Frankford,1 of 2,50,Saturday,https://www4.septa.org/picking/pdf/spring-a-2026/frankford/bus/paddles/saturday-paddles#page50.pdf,https://www4.septa.org/picking/pdf/spring-a-2026/frankford/bus/paddles/saturday-paddles#page=50.pdf,https://www4.septa.org/picking/pdf/spring-a-2026/frankford/bus/trip-sheets/saturday-trip-sheets.pdf
FrankfordSaturday252,252,Frankford,1 of 2,52,Saturday,https://www4.septa.org/picking/pdf/spring-a-2026/frankford/bus/paddles/saturday-paddles#page52.pdf,https://www4.septa.org/picking/pdf/spring-a-2026/frankford/bus/paddles/saturday-paddles#page=52.pdf,https://www4.septa.org/picking/pdf/spring-a-2026/frankford/bus/trip-sheets/saturday-trip-sheets.pdf
FrankfordSaturday253,253,Frankford,1 of 2,54,Saturday,https://www4.septa.org/picking/pdf/spring-a-2026/frankford/bus/paddles/saturday-paddles#page54.pdf,https://www4.septa.org/picking/pdf/spring-a-2026/frankford/bus/paddles/saturday-paddles#page=54.pdf,https://www4.septa.org/picking/pdf/spring-a-2026/frankford/bus/trip-sheets/saturday-trip-sheets.pdf
FrankfordSaturday254,254,Frankford,1 of 2,56,Saturday,https://www4.septa.org/picking/pdf/spring-a-2026/frankford/bus/paddles/saturday-paddles#page56.pdf,https://www4.septa.org/picking/pdf/spring-a-2026/frankford/bus/paddles/saturday-paddles#page=56.pdf,https://www4.septa.org/picking/pdf/spring-a-2026/frankford/bus/trip-sheets/saturday-trip-sheets.pdf
FrankfordSaturday255,255,Frankford,1 of 2,58,Saturday,https://www4.septa.org/picking/pdf/spring-a-2026/frankford/bus/paddles/saturday-paddles#page58.pdf,https://www4.septa.org/picking/pdf/spring-a-2026/frankford/bus/paddles/saturday-paddles#page=58.pdf,https://www4.septa.org/picking/pdf/spring-a-2026/frankford/bus/trip-sheets/saturday-trip-sheets.pdf
FrankfordSaturday256,256,Frankford,1 of 2,60,Saturday,https://www4.septa.org/picking/pdf/spring-a-2026/frankford/bus/paddles/saturday-paddles#page60.pdf,https://www4.septa.org/picking/pdf/spring-a-2026/frankford/bus/paddles/saturday-paddles#page=60.pdf,https://www4.septa.org/picking/pdf/spring-a-2026/frankford/bus/trip-sheets/saturday-trip-sheets.pdf
FrankfordSaturday257,257,Frankford,1 of 2,62,Saturday,https://www4.septa.org/picking/pdf/spring-a-2026/frankford/bus/paddles/saturday-paddles#page62.pdf,https://www4.septa.org/picking/pdf/spring-a-2026/frankford/bus/paddles/saturday-paddles#page=62.pdf,https://www4.septa.org/picking/pdf/spring-a-2026/frankford/bus/trip-sheets/saturday-trip-sheets.pdf
FrankfordSaturday258,258,Frankford,1 of 2,64,Saturday,https://www4.septa.org/picking/pdf/spring-a-2026/frankford/bus/paddles/saturday-paddles#page64.pdf,https://www4.septa.org/picking/pdf/spring-a-2026/frankford/bus/paddles/saturday-paddles#page=64.pdf,https://www4.septa.org/picking/pdf/spring-a-2026/frankford/bus/trip-sheets/saturday-trip-sheets.pdf
FrankfordSaturday301,301,Frankford,1 of 2,66,Saturday,https://www4.septa.org/picking/pdf/spring-a-2026/frankford/bus/paddles/saturday-paddles#page66.pdf,https://www4.septa.org/picking/pdf/spring-a-2026/frankford/bus/paddles/saturday-paddles#page=66.pdf,https://www4.septa.org/picking/pdf/spring-a-2026/frankford/bus/trip-sheets/saturday-trip-sheets.pdf
FrankfordSaturday302,302,Frankford,1 of 2,68,Saturday,https://www4.septa.org/picking/pdf/spring-a-2026/frankford/bus/paddles/saturday-paddles#page68.pdf,https://www4.septa.org/picking/pdf/spring-a-2026/frankford/bus/paddles/saturday-paddles#page=68.pdf,https://www4.septa.org/picking/pdf/spring-a-2026/frankford/bus/trip-sheets/saturday-trip-sheets.pdf
FrankfordSaturday303,303,Frankford,1 of 2,70,Saturday,https://www4.septa.org/picking/pdf/spring-a-2026/frankford/bus/paddles/saturday-paddles#page70.pdf,https://www4.septa.org/picking/pdf/spring-a-2026/frankford/bus/paddles/saturday-paddles#page=70.pdf,https://www4.septa.org/picking/pdf/spring-a-2026/frankford/bus/trip-sheets/saturday-trip-sheets.pdf
FrankfordSaturday304,304,Frankford,1 of 2,72,Saturday,https://www4.septa.org/picking/pdf/spring-a-2026/frankford/bus/paddles/saturday-paddles#page72.pdf,https://www4.septa.org/picking/pdf/spring-a-2026/frankford/bus/paddles/saturday-paddles#page=72.pdf,https://www4.septa.org/picking/pdf/spring-a-2026/frankford/bus/trip-sheets/saturday-trip-sheets.pdf
FrankfordSaturday305,305,Frankford,1 of 2,74,Saturday,https://www4.septa.org/picking/pdf/spring-a-2026/frankford/bus/paddles/saturday-paddles#page74.pdf,https://www4.septa.org/picking/pdf/spring-a-2026/frankford/bus/paddles/saturday-paddles#page=74.pdf,https://www4.septa.org/picking/pdf/spring-a-2026/frankford/bus/trip-sheets/saturday-trip-sheets.pdf
FrankfordSaturday306,306,Frankford,1 of 2,76,Saturday,https://www4.septa.org/picking/pdf/spring-a-2026/frankford/bus/paddles/saturday-paddles#page76.pdf,https://www4.septa.org/picking/pdf/spring-a-2026/frankford/bus/paddles/saturday-paddles#page=76.pdf,https://www4.septa.org/picking/pdf/spring-a-2026/frankford/bus/trip-sheets/saturday-trip-sheets.pdf
FrankfordSaturday307,307,Frankford,1 of 3,78,Saturday,https://www4.septa.org/picking/pdf/spring-a-2026/frankford/bus/paddles/saturday-paddles#page78.pdf,https://www4.septa.org/picking/pdf/spring-a-2026/frankford/bus/paddles/saturday-paddles#page=78.pdf,https://www4.septa.org/picking/pdf/spring-a-2026/frankford/bus/trip-sheets/saturday-trip-sheets.pdf
FrankfordSaturday308,308,Frankford,1 of 2,81,Saturday,https://www4.septa.org/picking/pdf/spring-a-2026/frankford/bus/paddles/saturday-paddles#page81.pdf,https://www4.septa.org/picking/pdf/spring-a-2026/frankford/bus/paddles/saturday-paddles#page=81.pdf,https://www4.septa.org/picking/pdf/spring-a-2026/frankford/bus/trip-sheets/saturday-trip-sheets.pdf
FrankfordSaturday309,309,Frankford,1 of 2,83,Saturday,https://www4.septa.org/picking/pdf/spring-a-2026/frankford/bus/paddles/saturday-paddles#page83.pdf,https://www4.septa.org/picking/pdf/spring-a-2026/frankford/bus/paddles/saturday-paddles#page=83.pdf,https://www4.septa.org/picking/pdf/spring-a-2026/frankford/bus/trip-sheets/saturday-trip-sheets.pdf
FrankfordSaturday310,310,Frankford,1 of 2,85,Saturday,https://www4.septa.org/picking/pdf/spring-a-2026/frankford/bus/paddles/saturday-paddles#page85.pdf,https://www4.septa.org/picking/pdf/spring-a-2026/frankford/bus/paddles/saturday-paddles#page=85.pdf,https://www4.septa.org/picking/pdf/spring-a-2026/frankford/bus/trip-sheets/saturday-trip-sheets.pdf
FrankfordSaturday311,311,Frankford,1 of 2,87,Saturday,https://www4.septa.org/picking/pdf/spring-a-2026/frankford/bus/paddles/saturday-paddles#page87.pdf,https://www4.septa.org/picking/pdf/spring-a-2026/frankford/bus/paddles/saturday-paddles#page=87.pdf,https://www4.septa.org/picking/pdf/spring-a-2026/frankford/bus/trip-sheets/saturday-trip-sheets.pdf
FrankfordSaturday312,312,Frankford,1 of 2,89,Saturday,https://www4.septa.org/picking/pdf/spring-a-2026/frankford/bus/paddles/saturday-paddles#page89.pdf,https://www4.septa.org/picking/pdf/spring-a-2026/frankford/bus/paddles/saturday-paddles#page=89.pdf,https://www4.septa.org/picking/pdf/spring-a-2026/frankford/bus/trip-sheets/saturday-trip-sheets.pdf
FrankfordSaturday313,313,Frankford,1 of 2,91,Saturday,https://www4.septa.org/picking/pdf/spring-a-2026/frankford/bus/paddles/saturday-paddles#page91.pdf,https://www4.septa.org/picking/pdf/spring-a-2026/frankford/bus/paddles/saturday-paddles#page=91.pdf,https://www4.septa.org/picking/pdf/spring-a-2026/frankford/bus/trip-sheets/saturday-trip-sheets.pdf
FrankfordSaturday314,314,Frankford,1 of 2,93,Saturday,https://www4.septa.org/picking/pdf/spring-a-2026/frankford/bus/paddles/saturday-paddles#page93.pdf,https://www4.septa.org/picking/pdf/spring-a-2026/frankford/bus/paddles/saturday-paddles#page=93.pdf,https://www4.septa.org/picking/pdf/spring-a-2026/frankford/bus/trip-sheets/saturday-trip-sheets.pdf
FrankfordSaturday401,401,Frankford,1 of 1,95,Saturday,https://www4.septa.org/picking/pdf/spring-a-2026/frankford/bus/paddles/saturday-paddles#page95.pdf,https://www4.septa.org/picking/pdf/spring-a-2026/frankford/bus/paddles/saturday-paddles#page=95.pdf,https://www4.septa.org/picking/pdf/spring-a-2026/frankford/bus/trip-sheets/saturday-trip-sheets.pdf
FrankfordSaturday402,402,Frankford,1 of 2,96,Saturday,https://www4.septa.org/picking/pdf/spring-a-2026/frankford/bus/paddles/saturday-paddles#page96.pdf,https://www4.septa.org/picking/pdf/spring-a-2026/frankford/bus/paddles/saturday-paddles#page=96.pdf,https://www4.septa.org/picking/pdf/spring-a-2026/frankford/bus/trip-sheets/saturday-trip-sheets.pdf
FrankfordSaturday403,403,Frankford,1 of 1,98,Saturday,https://www4.septa.org/picking/pdf/spring-a-2026/frankford/bus/paddles/saturday-paddles#page98.pdf,https://www4.septa.org/picking/pdf/spring-a-2026/frankford/bus/paddles/saturday-paddles#page=98.pdf,https://www4.septa.org/picking/pdf/spring-a-2026/frankford/bus/trip-sheets/saturday-trip-sheets.pdf
FrankfordSaturday404,404,Frankford,1 of 1,99,Saturday,https://www4.septa.org/picking/pdf/spring-a-2026/frankford/bus/paddles/saturday-paddles#page99.pdf,https://www4.septa.org/picking/pdf/spring-a-2026/frankford/bus/paddles/saturday-paddles#page=99.pdf,https://www4.septa.org/picking/pdf/spring-a-2026/frankford/bus/trip-sheets/saturday-trip-sheets.pdf
FrankfordSaturday451,451,Frankford,1 of 2,100,Saturday,https://www4.septa.org/picking/pdf/spring-a-2026/frankford/bus/paddles/saturday-paddles#page100.pdf,https://www4.septa.org/picking/pdf/spring-a-2026/frankford/bus/paddles/saturday-paddles#page=100.pdf,https://www4.septa.org/picking/pdf/spring-a-2026/frankford/bus/trip-sheets/saturday-trip-sheets.pdf
FrankfordSaturday452,452,Frankford,1 of 2,102,Saturday,https://www4.septa.org/picking/pdf/spring-a-2026/frankford/bus/paddles/saturday-paddles#page102.pdf,https://www4.septa.org/picking/pdf/spring-a-2026/frankford/bus/paddles/saturday-paddles#page=102.pdf,https://www4.septa.org/picking/pdf/spring-a-2026/frankford/bus/trip-sheets/saturday-trip-sheets.pdf
FrankfordSaturday453,453,Frankford,1 of 2,104,Saturday,https://www4.septa.org/picking/pdf/spring-a-2026/frankford/bus/paddles/saturday-paddles#page104.pdf,https://www4.septa.org/picking/pdf/spring-a-2026/frankford/bus/paddles/saturday-paddles#page=104.pdf,https://www4.septa.org/picking/pdf/spring-a-2026/frankford/bus/trip-sheets/saturday-trip-sheets.pdf
FrankfordSaturday801,801,Frankford,1 of 2,106,Saturday,https://www4.septa.org/picking/pdf/spring-a-2026/frankford/bus/paddles/saturday-paddles#page106.pdf,https://www4.septa.org/picking/pdf/spring-a-2026/frankford/bus/paddles/saturday-paddles#page=106.pdf,https://www4.septa.org/picking/pdf/spring-a-2026/frankford/bus/trip-sheets/saturday-trip-sheets.pdf
FrankfordSaturday802,802,Frankford,1 of 2,108,Saturday,https://www4.septa.org/picking/pdf/spring-a-2026/frankford/bus/paddles/saturday-paddles#page108.pdf,https://www4.septa.org/picking/pdf/spring-a-2026/frankford/bus/paddles/saturday-paddles#page=108.pdf,https://www4.septa.org/picking/pdf/spring-a-2026/frankford/bus/trip-sheets/saturday-trip-sheets.pdf
FrankfordSaturday803,803,Frankford,1 of 2,110,Saturday,https://www4.septa.org/picking/pdf/spring-a-2026/frankford/bus/paddles/saturday-paddles#page110.pdf,https://www4.septa.org/picking/pdf/spring-a-2026/frankford/bus/paddles/saturday-paddles#page=110.pdf,https://www4.septa.org/picking/pdf/spring-a-2026/frankford/bus/trip-sheets/saturday-trip-sheets.pdf
FrankfordSaturday804,804,Frankford,1 of 2,112,Saturday,https://www4.septa.org/picking/pdf/spring-a-2026/frankford/bus/paddles/saturday-paddles#page112.pdf,https://www4.septa.org/picking/pdf/spring-a-2026/frankford/bus/paddles/saturday-paddles#page=112.pdf,https://www4.septa.org/picking/pdf/spring-a-2026/frankford/bus/trip-sheets/saturday-trip-sheets.pdf
FrankfordSaturday805,805,Frankford,1 of 2,114,Saturday,https://www4.septa.org/picking/pdf/spring-a-2026/frankford/bus/paddles/saturday-paddles#page114.pdf,https://www4.septa.org/picking/pdf/spring-a-2026/frankford/bus/paddles/saturday-paddles#page=114.pdf,https://www4.septa.org/picking/pdf/spring-a-2026/frankford/bus/trip-sheets/saturday-trip-sheets.pdf
FrankfordSaturday806,806,Frankford,1 of 2,116,Saturday,https://www4.septa.org/picking/pdf/spring-a-2026/frankford/bus/paddles/saturday-paddles#page116.pdf,https://www4.septa.org/picking/pdf/spring-a-2026/frankford/bus/paddles/saturday-paddles#page=116.pdf,https://www4.septa.org/picking/pdf/spring-a-2026/frankford/bus/trip-sheets/saturday-trip-sheets.pdf
FrankfordSaturday807,807,Frankford,1 of 1,118,Saturday,https://www4.septa.org/picking/pdf/spring-a-2026/frankford/bus/paddles/saturday-paddles#page118.pdf,https://www4.septa.org/picking/pdf/spring-a-2026/frankford/bus/paddles/saturday-paddles#page=118.pdf,https://www4.septa.org/picking/pdf/spring-a-2026/frankford/bus/trip-sheets/saturday-trip-sheets.pdf
FrankfordSaturday808,808,Frankford,1 of 3,119,Saturday,https://www4.septa.org/picking/pdf/spring-a-2026/frankford/bus/paddles/saturday-paddles#page119.pdf,https://www4.septa.org/picking/pdf/spring-a-2026/frankford/bus/paddles/saturday-paddles#page=119.pdf,https://www4.septa.org/picking/pdf/spring-a-2026/frankford/bus/trip-sheets/saturday-trip-sheets.pdf
FrankfordSaturday901,901,Frankford,1 of 2,122,Saturday,https://www4.septa.org/picking/pdf/spring-a-2026/frankford/bus/paddles/saturday-paddles#page122.pdf,https://www4.septa.org/picking/pdf/spring-a-2026/frankford/bus/paddles/saturday-paddles#page=122.pdf,https://www4.septa.org/picking/pdf/spring-a-2026/frankford/bus/trip-sheets/saturday-trip-sheets.pdf
FrankfordSaturday902,902,Frankford,1 of 3,124,Saturday,https://www4.septa.org/picking/pdf/spring-a-2026/frankford/bus/paddles/saturday-paddles#page124.pdf,https://www4.septa.org/picking/pdf/spring-a-2026/frankford/bus/paddles/saturday-paddles#page=124.pdf,https://www4.septa.org/picking/pdf/spring-a-2026/frankford/bus/trip-sheets/saturday-trip-sheets.pdf
FrankfordSaturday903,903,Frankford,1 of 3,127,Saturday,https://www4.septa.org/picking/pdf/spring-a-2026/frankford/bus/paddles/saturday-paddles#page127.pdf,https://www4.septa.org/picking/pdf/spring-a-2026/frankford/bus/paddles/saturday-paddles#page=127.pdf,https://www4.septa.org/picking/pdf/spring-a-2026/frankford/bus/trip-sheets/saturday-trip-sheets.pdf
FrankfordSaturday904,904,Frankford,1 of 2,130,Saturday,https://www4.septa.org/picking/pdf/spring-a-2026/frankford/bus/paddles/saturday-paddles#page130.pdf,https://www4.septa.org/picking/pdf/spring-a-2026/frankford/bus/paddles/saturday-paddles#page=130.pdf,https://www4.septa.org/picking/pdf/spring-a-2026/frankford/bus/trip-sheets/saturday-trip-sheets.pdf
FrankfordSaturday905,905,Frankford,1 of 3,132,Saturday,https://www4.septa.org/picking/pdf/spring-a-2026/frankford/bus/paddles/saturday-paddles#page132.pdf,https://www4.septa.org/picking/pdf/spring-a-2026/frankford/bus/paddles/saturday-paddles#page=132.pdf,https://www4.septa.org/picking/pdf/spring-a-2026/frankford/bus/trip-sheets/saturday-trip-sheets.pdf
FrankfordSaturday951,951,Frankford,1 of 2,135,Saturday,https://www4.septa.org/picking/pdf/spring-a-2026/frankford/bus/paddles/saturday-paddles#page135.pdf,https://www4.septa.org/picking/pdf/spring-a-2026/frankford/bus/paddles/saturday-paddles#page=135.pdf,https://www4.septa.org/picking/pdf/spring-a-2026/frankford/bus/trip-sheets/saturday-trip-sheets.pdf
FrankfordSaturday952,952,Frankford,1 of 2,137,Saturday,https://www4.septa.org/picking/pdf/spring-a-2026/frankford/bus/paddles/saturday-paddles#page137.pdf,https://www4.septa.org/picking/pdf/spring-a-2026/frankford/bus/paddles/saturday-paddles#page=137.pdf,https://www4.septa.org/picking/pdf/spring-a-2026/frankford/bus/trip-sheets/saturday-trip-sheets.pdf
FrankfordSaturday953,953,Frankford,1 of 2,139,Saturday,https://www4.septa.org/picking/pdf/spring-a-2026/frankford/bus/paddles/saturday-paddles#page139.pdf,https://www4.septa.org/picking/pdf/spring-a-2026/frankford/bus/paddles/saturday-paddles#page=139.pdf,https://www4.septa.org/picking/pdf/spring-a-2026/frankford/bus/trip-sheets/saturday-trip-sheets.pdf
FrankfordSaturday954,954,Frankford,1 of 3,141,Saturday,https://www4.septa.org/picking/pdf/spring-a-2026/frankford/bus/paddles/saturday-paddles#page141.pdf,https://www4.septa.org/picking/pdf/spring-a-2026/frankford/bus/paddles/saturday-paddles#page=141.pdf,https://www4.septa.org/picking/pdf/spring-a-2026/frankford/bus/trip-sheets/saturday-trip-sheets.pdf
FrankfordSaturday955,955,Frankford,1 of 2,144,Saturday,https://www4.septa.org/picking/pdf/spring-a-2026/frankford/bus/paddles/saturday-paddles#page144.pdf,https://www4.septa.org/picking/pdf/spring-a-2026/frankford/bus/paddles/saturday-paddles#page=144.pdf,https://www4.septa.org/picking/pdf/spring-a-2026/frankford/bus/trip-sheets/saturday-trip-sheets.pdf
FrankfordSaturday956,956,Frankford,1 of 2,146,Saturday,https://www4.septa.org/picking/pdf/spring-a-2026/frankford/bus/paddles/saturday-paddles#page146.pdf,https://www4.septa.org/picking/pdf/spring-a-2026/frankford/bus/paddles/saturday-paddles#page=146.pdf,https://www4.septa.org/picking/pdf/spring-a-2026/frankford/bus/trip-sheets/saturday-trip-sheets.pdf
FrankfordSaturday957,957,Frankford,1 of 3,148,Saturday,https://www4.septa.org/picking/pdf/spring-a-2026/frankford/bus/paddles/saturday-paddles#page148.pdf,https://www4.septa.org/picking/pdf/spring-a-2026/frankford/bus/paddles/saturday-paddles#page=148.pdf,https://www4.septa.org/picking/pdf/spring-a-2026/frankford/bus/trip-sheets/saturday-trip-sheets.pdf
FrankfordSaturday958,958,Frankford,1 of 3,151,Saturday,https://www4.septa.org/picking/pdf/spring-a-2026/frankford/bus/paddles/saturday-paddles#page151.pdf,https://www4.septa.org/picking/pdf/spring-a-2026/frankford/bus/paddles/saturday-paddles#page=151.pdf,https://www4.septa.org/picking/pdf/spring-a-2026/frankford/bus/trip-sheets/saturday-trip-sheets.pdf
FrankfordSunday1,1,Frankford,1 of 2,1,Sunday,https://www4.septa.org/picking/pdf/spring-a-2026/frankford/bus/paddles/sunday-paddles#page1.pdf,https://www4.septa.org/picking/pdf/spring-a-2026/frankford/bus/paddles/sunday-paddles#page=1.pdf,https://www4.septa.org/picking/pdf/spring-a-2026/frankford/bus/trip-sheets/sunday-trip-sheets.pdf
FrankfordSunday2,2,Frankford,1 of 2,3,Sunday,https://www4.septa.org/picking/pdf/spring-a-2026/frankford/bus/paddles/sunday-paddles#page3.pdf,https://www4.septa.org/picking/pdf/spring-a-2026/frankford/bus/paddles/sunday-paddles#page=3.pdf,https://www4.septa.org/picking/pdf/spring-a-2026/frankford/bus/trip-sheets/sunday-trip-sheets.pdf
FrankfordSunday3,3,Frankford,1 of 2,5,Sunday,https://www4.septa.org/picking/pdf/spring-a-2026/frankford/bus/paddles/sunday-paddles#page5.pdf,https://www4.septa.org/picking/pdf/spring-a-2026/frankford/bus/paddles/sunday-paddles#page=5.pdf,https://www4.septa.org/picking/pdf/spring-a-2026/frankford/bus/trip-sheets/sunday-trip-sheets.pdf
FrankfordSunday4,4,Frankford,1 of 2,7,Sunday,https://www4.septa.org/picking/pdf/spring-a-2026/frankford/bus/paddles/sunday-paddles#page7.pdf,https://www4.septa.org/picking/pdf/spring-a-2026/frankford/bus/paddles/sunday-paddles#page=7.pdf,https://www4.septa.org/picking/pdf/spring-a-2026/frankford/bus/trip-sheets/sunday-trip-sheets.pdf
FrankfordSunday5,5,Frankford,1 of 2,9,Sunday,https://www4.septa.org/picking/pdf/spring-a-2026/frankford/bus/paddles/sunday-paddles#page9.pdf,https://www4.septa.org/picking/pdf/spring-a-2026/frankford/bus/paddles/sunday-paddles#page=9.pdf,https://www4.septa.org/picking/pdf/spring-a-2026/frankford/bus/trip-sheets/sunday-trip-sheets.pdf
FrankfordSunday6,6,Frankford,1 of 2,11,Sunday,https://www4.septa.org/picking/pdf/spring-a-2026/frankford/bus/paddles/sunday-paddles#page11.pdf,https://www4.septa.org/picking/pdf/spring-a-2026/frankford/bus/paddles/sunday-paddles#page=11.pdf,https://www4.septa.org/picking/pdf/spring-a-2026/frankford/bus/trip-sheets/sunday-trip-sheets.pdf
FrankfordSunday101,101,Frankford,1 of 2,13,Sunday,https://www4.septa.org/picking/pdf/spring-a-2026/frankford/bus/paddles/sunday-paddles#page13.pdf,https://www4.septa.org/picking/pdf/spring-a-2026/frankford/bus/paddles/sunday-paddles#page=13.pdf,https://www4.septa.org/picking/pdf/spring-a-2026/frankford/bus/trip-sheets/sunday-trip-sheets.pdf
FrankfordSunday102,102,Frankford,1 of 2,15,Sunday,https://www4.septa.org/picking/pdf/spring-a-2026/frankford/bus/paddles/sunday-paddles#page15.pdf,https://www4.septa.org/picking/pdf/spring-a-2026/frankford/bus/paddles/sunday-paddles#page=15.pdf,https://www4.septa.org/picking/pdf/spring-a-2026/frankford/bus/trip-sheets/sunday-trip-sheets.pdf
FrankfordSunday103,103,Frankford,1 of 2,17,Sunday,https://www4.septa.org/picking/pdf/spring-a-2026/frankford/bus/paddles/sunday-paddles#page17.pdf,https://www4.septa.org/picking/pdf/spring-a-2026/frankford/bus/paddles/sunday-paddles#page=17.pdf,https://www4.septa.org/picking/pdf/spring-a-2026/frankford/bus/trip-sheets/sunday-trip-sheets.pdf
FrankfordSunday104,104,Frankford,1 of 2,19,Sunday,https://www4.septa.org/picking/pdf/spring-a-2026/frankford/bus/paddles/sunday-paddles#page19.pdf,https://www4.septa.org/picking/pdf/spring-a-2026/frankford/bus/paddles/sunday-paddles#page=19.pdf,https://www4.septa.org/picking/pdf/spring-a-2026/frankford/bus/trip-sheets/sunday-trip-sheets.pdf
FrankfordSunday105,105,Frankford,1 of 2,21,Sunday,https://www4.septa.org/picking/pdf/spring-a-2026/frankford/bus/paddles/sunday-paddles#page21.pdf,https://www4.septa.org/picking/pdf/spring-a-2026/frankford/bus/paddles/sunday-paddles#page=21.pdf,https://www4.septa.org/picking/pdf/spring-a-2026/frankford/bus/trip-sheets/sunday-trip-sheets.pdf
FrankfordSunday106,106,Frankford,1 of 2,23,Sunday,https://www4.septa.org/picking/pdf/spring-a-2026/frankford/bus/paddles/sunday-paddles#page23.pdf,https://www4.septa.org/picking/pdf/spring-a-2026/frankford/bus/paddles/sunday-paddles#page=23.pdf,https://www4.septa.org/picking/pdf/spring-a-2026/frankford/bus/trip-sheets/sunday-trip-sheets.pdf
FrankfordSunday151,151,Frankford,1 of 2,25,Sunday,https://www4.septa.org/picking/pdf/spring-a-2026/frankford/bus/paddles/sunday-paddles#page25.pdf,https://www4.septa.org/picking/pdf/spring-a-2026/frankford/bus/paddles/sunday-paddles#page=25.pdf,https://www4.septa.org/picking/pdf/spring-a-2026/frankford/bus/trip-sheets/sunday-trip-sheets.pdf
FrankfordSunday152,152,Frankford,1 of 2,27,Sunday,https://www4.septa.org/picking/pdf/spring-a-2026/frankford/bus/paddles/sunday-paddles#page27.pdf,https://www4.septa.org/picking/pdf/spring-a-2026/frankford/bus/paddles/sunday-paddles#page=27.pdf,https://www4.septa.org/picking/pdf/spring-a-2026/frankford/bus/trip-sheets/sunday-trip-sheets.pdf
FrankfordSunday153,153,Frankford,1 of 2,29,Sunday,https://www4.septa.org/picking/pdf/spring-a-2026/frankford/bus/paddles/sunday-paddles#page29.pdf,https://www4.septa.org/picking/pdf/spring-a-2026/frankford/bus/paddles/sunday-paddles#page=29.pdf,https://www4.septa.org/picking/pdf/spring-a-2026/frankford/bus/trip-sheets/sunday-trip-sheets.pdf
FrankfordSunday154,154,Frankford,1 of 2,31,Sunday,https://www4.septa.org/picking/pdf/spring-a-2026/frankford/bus/paddles/sunday-paddles#page31.pdf,https://www4.septa.org/picking/pdf/spring-a-2026/frankford/bus/paddles/sunday-paddles#page=31.pdf,https://www4.septa.org/picking/pdf/spring-a-2026/frankford/bus/trip-sheets/sunday-trip-sheets.pdf
FrankfordSunday155,155,Frankford,1 of 2,33,Sunday,https://www4.septa.org/picking/pdf/spring-a-2026/frankford/bus/paddles/sunday-paddles#page33.pdf,https://www4.septa.org/picking/pdf/spring-a-2026/frankford/bus/paddles/sunday-paddles#page=33.pdf,https://www4.septa.org/picking/pdf/spring-a-2026/frankford/bus/trip-sheets/sunday-trip-sheets.pdf
FrankfordSunday156,156,Frankford,1 of 2,35,Sunday,https://www4.septa.org/picking/pdf/spring-a-2026/frankford/bus/paddles/sunday-paddles#page35.pdf,https://www4.septa.org/picking/pdf/spring-a-2026/frankford/bus/paddles/sunday-paddles#page=35.pdf,https://www4.septa.org/picking/pdf/spring-a-2026/frankford/bus/trip-sheets/sunday-trip-sheets.pdf
FrankfordSunday157,157,Frankford,1 of 2,37,Sunday,https://www4.septa.org/picking/pdf/spring-a-2026/frankford/bus/paddles/sunday-paddles#page37.pdf,https://www4.septa.org/picking/pdf/spring-a-2026/frankford/bus/paddles/sunday-paddles#page=37.pdf,https://www4.septa.org/picking/pdf/spring-a-2026/frankford/bus/trip-sheets/sunday-trip-sheets.pdf
FrankfordSunday158,158,Frankford,1 of 3,39,Sunday,https://www4.septa.org/picking/pdf/spring-a-2026/frankford/bus/paddles/sunday-paddles#page39.pdf,https://www4.septa.org/picking/pdf/spring-a-2026/frankford/bus/paddles/sunday-paddles#page=39.pdf,https://www4.septa.org/picking/pdf/spring-a-2026/frankford/bus/trip-sheets/sunday-trip-sheets.pdf
FrankfordSunday159,159,Frankford,1 of 2,42,Sunday,https://www4.septa.org/picking/pdf/spring-a-2026/frankford/bus/paddles/sunday-paddles#page42.pdf,https://www4.septa.org/picking/pdf/spring-a-2026/frankford/bus/paddles/sunday-paddles#page=42.pdf,https://www4.septa.org/picking/pdf/spring-a-2026/frankford/bus/trip-sheets/sunday-trip-sheets.pdf
FrankfordSunday160,160,Frankford,1 of 2,44,Sunday,https://www4.septa.org/picking/pdf/spring-a-2026/frankford/bus/paddles/sunday-paddles#page44.pdf,https://www4.septa.org/picking/pdf/spring-a-2026/frankford/bus/paddles/sunday-paddles#page=44.pdf,https://www4.septa.org/picking/pdf/spring-a-2026/frankford/bus/trip-sheets/sunday-trip-sheets.pdf
FrankfordSunday161,161,Frankford,1 of 2,46,Sunday,https://www4.septa.org/picking/pdf/spring-a-2026/frankford/bus/paddles/sunday-paddles#page46.pdf,https://www4.septa.org/picking/pdf/spring-a-2026/frankford/bus/paddles/sunday-paddles#page=46.pdf,https://www4.septa.org/picking/pdf/spring-a-2026/frankford/bus/trip-sheets/sunday-trip-sheets.pdf
FrankfordSunday251,251,Frankford,1 of 2,48,Sunday,https://www4.septa.org/picking/pdf/spring-a-2026/frankford/bus/paddles/sunday-paddles#page48.pdf,https://www4.septa.org/picking/pdf/spring-a-2026/frankford/bus/paddles/sunday-paddles#page=48.pdf,https://www4.septa.org/picking/pdf/spring-a-2026/frankford/bus/trip-sheets/sunday-trip-sheets.pdf
FrankfordSunday252,252,Frankford,1 of 2,50,Sunday,https://www4.septa.org/picking/pdf/spring-a-2026/frankford/bus/paddles/sunday-paddles#page50.pdf,https://www4.septa.org/picking/pdf/spring-a-2026/frankford/bus/paddles/sunday-paddles#page=50.pdf,https://www4.septa.org/picking/pdf/spring-a-2026/frankford/bus/trip-sheets/sunday-trip-sheets.pdf
FrankfordSunday253,253,Frankford,1 of 2,52,Sunday,https://www4.septa.org/picking/pdf/spring-a-2026/frankford/bus/paddles/sunday-paddles#page52.pdf,https://www4.septa.org/picking/pdf/spring-a-2026/frankford/bus/paddles/sunday-paddles#page=52.pdf,https://www4.septa.org/picking/pdf/spring-a-2026/frankford/bus/trip-sheets/sunday-trip-sheets.pdf
FrankfordSunday254,254,Frankford,1 of 2,54,Sunday,https://www4.septa.org/picking/pdf/spring-a-2026/frankford/bus/paddles/sunday-paddles#page54.pdf,https://www4.septa.org/picking/pdf/spring-a-2026/frankford/bus/paddles/sunday-paddles#page=54.pdf,https://www4.septa.org/picking/pdf/spring-a-2026/frankford/bus/trip-sheets/sunday-trip-sheets.pdf
FrankfordSunday255,255,Frankford,1 of 3,56,Sunday,https://www4.septa.org/picking/pdf/spring-a-2026/frankford/bus/paddles/sunday-paddles#page56.pdf,https://www4.septa.org/picking/pdf/spring-a-2026/frankford/bus/paddles/sunday-paddles#page=56.pdf,https://www4.septa.org/picking/pdf/spring-a-2026/frankford/bus/trip-sheets/sunday-trip-sheets.pdf
FrankfordSunday256,256,Frankford,1 of 2,59,Sunday,https://www4.septa.org/picking/pdf/spring-a-2026/frankford/bus/paddles/sunday-paddles#page59.pdf,https://www4.septa.org/picking/pdf/spring-a-2026/frankford/bus/paddles/sunday-paddles#page=59.pdf,https://www4.septa.org/picking/pdf/spring-a-2026/frankford/bus/trip-sheets/sunday-trip-sheets.pdf
FrankfordSunday257,257,Frankford,1 of 2,61,Sunday,https://www4.septa.org/picking/pdf/spring-a-2026/frankford/bus/paddles/sunday-paddles#page61.pdf,https://www4.septa.org/picking/pdf/spring-a-2026/frankford/bus/paddles/sunday-paddles#page=61.pdf,https://www4.septa.org/picking/pdf/spring-a-2026/frankford/bus/trip-sheets/sunday-trip-sheets.pdf
FrankfordSunday258,258,Frankford,1 of 3,63,Sunday,https://www4.septa.org/picking/pdf/spring-a-2026/frankford/bus/paddles/sunday-paddles#page63.pdf,https://www4.septa.org/picking/pdf/spring-a-2026/frankford/bus/paddles/sunday-paddles#page=63.pdf,https://www4.septa.org/picking/pdf/spring-a-2026/frankford/bus/trip-sheets/sunday-trip-sheets.pdf
FrankfordSunday259,259,Frankford,1 of 3,66,Sunday,https://www4.septa.org/picking/pdf/spring-a-2026/frankford/bus/paddles/sunday-paddles#page66.pdf,https://www4.septa.org/picking/pdf/spring-a-2026/frankford/bus/paddles/sunday-paddles#page=66.pdf,https://www4.septa.org/picking/pdf/spring-a-2026/frankford/bus/trip-sheets/sunday-trip-sheets.pdf
FrankfordSunday260,260,Frankford,1 of 2,69,Sunday,https://www4.septa.org/picking/pdf/spring-a-2026/frankford/bus/paddles/sunday-paddles#page69.pdf,https://www4.septa.org/picking/pdf/spring-a-2026/frankford/bus/paddles/sunday-paddles#page=69.pdf,https://www4.septa.org/picking/pdf/spring-a-2026/frankford/bus/trip-sheets/sunday-trip-sheets.pdf
FrankfordSunday261,261,Frankford,1 of 2,71,Sunday,https://www4.septa.org/picking/pdf/spring-a-2026/frankford/bus/paddles/sunday-paddles#page71.pdf,https://www4.septa.org/picking/pdf/spring-a-2026/frankford/bus/paddles/sunday-paddles#page=71.pdf,https://www4.septa.org/picking/pdf/spring-a-2026/frankford/bus/trip-sheets/sunday-trip-sheets.pdf
FrankfordSunday301,301,Frankford,1 of 2,73,Sunday,https://www4.septa.org/picking/pdf/spring-a-2026/frankford/bus/paddles/sunday-paddles#page73.pdf,https://www4.septa.org/picking/pdf/spring-a-2026/frankford/bus/paddles/sunday-paddles#page=73.pdf,https://www4.septa.org/picking/pdf/spring-a-2026/frankford/bus/trip-sheets/sunday-trip-sheets.pdf
FrankfordSunday302,302,Frankford,1 of 2,75,Sunday,https://www4.septa.org/picking/pdf/spring-a-2026/frankford/bus/paddles/sunday-paddles#page75.pdf,https://www4.septa.org/picking/pdf/spring-a-2026/frankford/bus/paddles/sunday-paddles#page=75.pdf,https://www4.septa.org/picking/pdf/spring-a-2026/frankford/bus/trip-sheets/sunday-trip-sheets.pdf
FrankfordSunday303,303,Frankford,1 of 2,77,Sunday,https://www4.septa.org/picking/pdf/spring-a-2026/frankford/bus/paddles/sunday-paddles#page77.pdf,https://www4.septa.org/picking/pdf/spring-a-2026/frankford/bus/paddles/sunday-paddles#page=77.pdf,https://www4.septa.org/picking/pdf/spring-a-2026/frankford/bus/trip-sheets/sunday-trip-sheets.pdf
FrankfordSunday304,304,Frankford,1 of 2,79,Sunday,https://www4.septa.org/picking/pdf/spring-a-2026/frankford/bus/paddles/sunday-paddles#page79.pdf,https://www4.septa.org/picking/pdf/spring-a-2026/frankford/bus/paddles/sunday-paddles#page=79.pdf,https://www4.septa.org/picking/pdf/spring-a-2026/frankford/bus/trip-sheets/sunday-trip-sheets.pdf
FrankfordSunday305,305,Frankford,1 of 3,81,Sunday,https://www4.septa.org/picking/pdf/spring-a-2026/frankford/bus/paddles/sunday-paddles#page81.pdf,https://www4.septa.org/picking/pdf/spring-a-2026/frankford/bus/paddles/sunday-paddles#page=81.pdf,https://www4.septa.org/picking/pdf/spring-a-2026/frankford/bus/trip-sheets/sunday-trip-sheets.pdf
FrankfordSunday306,306,Frankford,1 of 2,84,Sunday,https://www4.septa.org/picking/pdf/spring-a-2026/frankford/bus/paddles/sunday-paddles#page84.pdf,https://www4.septa.org/picking/pdf/spring-a-2026/frankford/bus/paddles/sunday-paddles#page=84.pdf,https://www4.septa.org/picking/pdf/spring-a-2026/frankford/bus/trip-sheets/sunday-trip-sheets.pdf
FrankfordSunday307,307,Frankford,1 of 2,86,Sunday,https://www4.septa.org/picking/pdf/spring-a-2026/frankford/bus/paddles/sunday-paddles#page86.pdf,https://www4.septa.org/picking/pdf/spring-a-2026/frankford/bus/paddles/sunday-paddles#page=86.pdf,https://www4.septa.org/picking/pdf/spring-a-2026/frankford/bus/trip-sheets/sunday-trip-sheets.pdf
FrankfordSunday401,401,Frankford,1 of 2,88,Sunday,https://www4.septa.org/picking/pdf/spring-a-2026/frankford/bus/paddles/sunday-paddles#page88.pdf,https://www4.septa.org/picking/pdf/spring-a-2026/frankford/bus/paddles/sunday-paddles#page=88.pdf,https://www4.septa.org/picking/pdf/spring-a-2026/frankford/bus/trip-sheets/sunday-trip-sheets.pdf
FrankfordSunday402,402,Frankford,1 of 1,90,Sunday,https://www4.septa.org/picking/pdf/spring-a-2026/frankford/bus/paddles/sunday-paddles#page90.pdf,https://www4.septa.org/picking/pdf/spring-a-2026/frankford/bus/paddles/sunday-paddles#page=90.pdf,https://www4.septa.org/picking/pdf/spring-a-2026/frankford/bus/trip-sheets/sunday-trip-sheets.pdf
FrankfordSunday403,403,Frankford,1 of 2,91,Sunday,https://www4.septa.org/picking/pdf/spring-a-2026/frankford/bus/paddles/sunday-paddles#page91.pdf,https://www4.septa.org/picking/pdf/spring-a-2026/frankford/bus/paddles/sunday-paddles#page=91.pdf,https://www4.septa.org/picking/pdf/spring-a-2026/frankford/bus/trip-sheets/sunday-trip-sheets.pdf
FrankfordSunday404,404,Frankford,1 of 1,93,Sunday,https://www4.septa.org/picking/pdf/spring-a-2026/frankford/bus/paddles/sunday-paddles#page93.pdf,https://www4.septa.org/picking/pdf/spring-a-2026/frankford/bus/paddles/sunday-paddles#page=93.pdf,https://www4.septa.org/picking/pdf/spring-a-2026/frankford/bus/trip-sheets/sunday-trip-sheets.pdf
FrankfordSunday451,451,Frankford,1 of 2,94,Sunday,https://www4.septa.org/picking/pdf/spring-a-2026/frankford/bus/paddles/sunday-paddles#page94.pdf,https://www4.septa.org/picking/pdf/spring-a-2026/frankford/bus/paddles/sunday-paddles#page=94.pdf,https://www4.septa.org/picking/pdf/spring-a-2026/frankford/bus/trip-sheets/sunday-trip-sheets.pdf
FrankfordSunday452,452,Frankford,1 of 2,96,Sunday,https://www4.septa.org/picking/pdf/spring-a-2026/frankford/bus/paddles/sunday-paddles#page96.pdf,https://www4.septa.org/picking/pdf/spring-a-2026/frankford/bus/paddles/sunday-paddles#page=96.pdf,https://www4.septa.org/picking/pdf/spring-a-2026/frankford/bus/trip-sheets/sunday-trip-sheets.pdf
FrankfordSunday453,453,Frankford,1 of 2,98,Sunday,https://www4.septa.org/picking/pdf/spring-a-2026/frankford/bus/paddles/sunday-paddles#page98.pdf,https://www4.septa.org/picking/pdf/spring-a-2026/frankford/bus/paddles/sunday-paddles#page=98.pdf,https://www4.septa.org/picking/pdf/spring-a-2026/frankford/bus/trip-sheets/sunday-trip-sheets.pdf
FrankfordSunday801,801,Frankford,1 of 2,100,Sunday,https://www4.septa.org/picking/pdf/spring-a-2026/frankford/bus/paddles/sunday-paddles#page100.pdf,https://www4.septa.org/picking/pdf/spring-a-2026/frankford/bus/paddles/sunday-paddles#page=100.pdf,https://www4.septa.org/picking/pdf/spring-a-2026/frankford/bus/trip-sheets/sunday-trip-sheets.pdf
FrankfordSunday802,802,Frankford,1 of 2,102,Sunday,https://www4.septa.org/picking/pdf/spring-a-2026/frankford/bus/paddles/sunday-paddles#page102.pdf,https://www4.septa.org/picking/pdf/spring-a-2026/frankford/bus/paddles/sunday-paddles#page=102.pdf,https://www4.septa.org/picking/pdf/spring-a-2026/frankford/bus/trip-sheets/sunday-trip-sheets.pdf
FrankfordSunday803,803,Frankford,1 of 2,104,Sunday,https://www4.septa.org/picking/pdf/spring-a-2026/frankford/bus/paddles/sunday-paddles#page104.pdf,https://www4.septa.org/picking/pdf/spring-a-2026/frankford/bus/paddles/sunday-paddles#page=104.pdf,https://www4.septa.org/picking/pdf/spring-a-2026/frankford/bus/trip-sheets/sunday-trip-sheets.pdf
FrankfordSunday804,804,Frankford,1 of 2,106,Sunday,https://www4.septa.org/picking/pdf/spring-a-2026/frankford/bus/paddles/sunday-paddles#page106.pdf,https://www4.septa.org/picking/pdf/spring-a-2026/frankford/bus/paddles/sunday-paddles#page=106.pdf,https://www4.septa.org/picking/pdf/spring-a-2026/frankford/bus/trip-sheets/sunday-trip-sheets.pdf
FrankfordSunday805,805,Frankford,1 of 2,108,Sunday,https://www4.septa.org/picking/pdf/spring-a-2026/frankford/bus/paddles/sunday-paddles#page108.pdf,https://www4.septa.org/picking/pdf/spring-a-2026/frankford/bus/paddles/sunday-paddles#page=108.pdf,https://www4.septa.org/picking/pdf/spring-a-2026/frankford/bus/trip-sheets/sunday-trip-sheets.pdf
FrankfordSunday806,806,Frankford,1 of 2,110,Sunday,https://www4.septa.org/picking/pdf/spring-a-2026/frankford/bus/paddles/sunday-paddles#page110.pdf,https://www4.septa.org/picking/pdf/spring-a-2026/frankford/bus/paddles/sunday-paddles#page=110.pdf,https://www4.septa.org/picking/pdf/spring-a-2026/frankford/bus/trip-sheets/sunday-trip-sheets.pdf
FrankfordSunday807,807,Frankford,1 of 2,112,Sunday,https://www4.septa.org/picking/pdf/spring-a-2026/frankford/bus/paddles/sunday-paddles#page112.pdf,https://www4.septa.org/picking/pdf/spring-a-2026/frankford/bus/paddles/sunday-paddles#page=112.pdf,https://www4.septa.org/picking/pdf/spring-a-2026/frankford/bus/trip-sheets/sunday-trip-sheets.pdf
FrankfordSunday901,901,Frankford,1 of 2,114,Sunday,https://www4.septa.org/picking/pdf/spring-a-2026/frankford/bus/paddles/sunday-paddles#page114.pdf,https://www4.septa.org/picking/pdf/spring-a-2026/frankford/bus/paddles/sunday-paddles#page=114.pdf,https://www4.septa.org/picking/pdf/spring-a-2026/frankford/bus/trip-sheets/sunday-trip-sheets.pdf
FrankfordSunday951,951,Frankford,1 of 2,116,Sunday,https://www4.septa.org/picking/pdf/spring-a-2026/frankford/bus/paddles/sunday-paddles#page116.pdf,https://www4.septa.org/picking/pdf/spring-a-2026/frankford/bus/paddles/sunday-paddles#page=116.pdf,https://www4.septa.org/picking/pdf/spring-a-2026/frankford/bus/trip-sheets/sunday-trip-sheets.pdf
FrankfordSunday952,952,Frankford,1 of 2,118,Sunday,https://www4.septa.org/picking/pdf/spring-a-2026/frankford/bus/paddles/sunday-paddles#page118.pdf,https://www4.septa.org/picking/pdf/spring-a-2026/frankford/bus/paddles/sunday-paddles#page=118.pdf,https://www4.septa.org/picking/pdf/spring-a-2026/frankford/bus/trip-sheets/sunday-trip-sheets.pdf
FrankfordSunday953,953,Frankford,1 of 2,120,Sunday,https://www4.septa.org/picking/pdf/spring-a-2026/frankford/bus/paddles/sunday-paddles#page120.pdf,https://www4.septa.org/picking/pdf/spring-a-2026/frankford/bus/paddles/sunday-paddles#page=120.pdf,https://www4.septa.org/picking/pdf/spring-a-2026/frankford/bus/trip-sheets/sunday-trip-sheets.pdf
FrankfordSunday954,954,Frankford,1 of 3,122,Sunday,https://www4.septa.org/picking/pdf/spring-a-2026/frankford/bus/paddles/sunday-paddles#page122.pdf,https://www4.septa.org/picking/pdf/spring-a-2026/frankford/bus/paddles/sunday-paddles#page=122.pdf,https://www4.septa.org/picking/pdf/spring-a-2026/frankford/bus/trip-sheets/sunday-trip-sheets.pdf
FrankfordSunday955,955,Frankford,1 of 2,125,Sunday,https://www4.septa.org/picking/pdf/spring-a-2026/frankford/bus/paddles/sunday-paddles#page125.pdf,https://www4.septa.org/picking/pdf/spring-a-2026/frankford/bus/paddles/sunday-paddles#page=125.pdf,https://www4.septa.org/picking/pdf/spring-a-2026/frankford/bus/trip-sheets/sunday-trip-sheets.pdf
FrankfordSunday956,956,Frankford,1 of 2,127,Sunday,https://www4.septa.org/picking/pdf/spring-a-2026/frankford/bus/paddles/sunday-paddles#page127.pdf,https://www4.septa.org/picking/pdf/spring-a-2026/frankford/bus/paddles/sunday-paddles#page=127.pdf,https://www4.septa.org/picking/pdf/spring-a-2026/frankford/bus/trip-sheets/sunday-trip-sheets.pdf
